--------------------------------------------------------
--  파일이 생성됨 - 수요일-12월-13-2023   
--------------------------------------------------------
DROP SEQUENCE "ACCOUNT_SEQ";
DROP SEQUENCE "AREA_SEQ";
DROP SEQUENCE "BOOKMARK_SEQ";
DROP SEQUENCE "CATEGORY_SEQ";
DROP SEQUENCE "IMG_SEQ";
DROP SEQUENCE "NOTICE_IDX";
DROP SEQUENCE "RES_SEQ";
DROP SEQUENCE "REVIEW_SEQ";
DROP TABLE "BOOKMARK";
DROP TABLE "IMG";
DROP TABLE "NOTICE";
DROP TABLE "REVIEW";
DROP TABLE "RESTAURANT";
DROP TABLE "AREA";
DROP TABLE "CATEGORY";
DROP TABLE "ACCOUNT";
--------------------------------------------------------
--  DDL for Sequence ACCOUNT_SEQ
--------------------------------------------------------

   CREATE SEQUENCE  "ACCOUNT_SEQ"  MINVALUE 1001 MAXVALUE 9999 INCREMENT BY 1 START WITH 1011 NOCACHE  NOORDER  NOCYCLE  NOKEEP  NOSCALE  GLOBAL ;
--------------------------------------------------------
--  DDL for Sequence AREA_SEQ
--------------------------------------------------------

   CREATE SEQUENCE  "AREA_SEQ"  MINVALUE 101 MAXVALUE 999 INCREMENT BY 1 START WITH 120 NOCACHE  NOORDER  NOCYCLE  NOKEEP  NOSCALE  GLOBAL ;
--------------------------------------------------------
--  DDL for Sequence BOOKMARK_SEQ
--------------------------------------------------------

   CREATE SEQUENCE  "BOOKMARK_SEQ"  MINVALUE 1001 MAXVALUE 9999 INCREMENT BY 1 START WITH 1001 NOCACHE  NOORDER  NOCYCLE  NOKEEP  NOSCALE  GLOBAL ;
--------------------------------------------------------
--  DDL for Sequence CATEGORY_SEQ
--------------------------------------------------------

   CREATE SEQUENCE  "CATEGORY_SEQ"  MINVALUE 101 MAXVALUE 999 INCREMENT BY 1 START WITH 140 NOCACHE  NOORDER  NOCYCLE  NOKEEP  NOSCALE  GLOBAL ;
--------------------------------------------------------
--  DDL for Sequence IMG_SEQ
--------------------------------------------------------

   CREATE SEQUENCE  "IMG_SEQ"  MINVALUE 1001 MAXVALUE 9999 INCREMENT BY 1 START WITH 1001 NOCACHE  NOORDER  NOCYCLE  NOKEEP  NOSCALE  GLOBAL ;
--------------------------------------------------------
--  DDL for Sequence NOTICE_IDX
--------------------------------------------------------

   CREATE SEQUENCE  "NOTICE_IDX"  MINVALUE 1 MAXVALUE 9999 INCREMENT BY 1 START WITH 2 NOCACHE  NOORDER  NOCYCLE  NOKEEP  NOSCALE  GLOBAL ;
--------------------------------------------------------
--  DDL for Sequence RES_SEQ
--------------------------------------------------------

   CREATE SEQUENCE  "RES_SEQ"  MINVALUE 1001 MAXVALUE 9999 INCREMENT BY 1 START WITH 1899 NOCACHE  NOORDER  NOCYCLE  NOKEEP  NOSCALE  GLOBAL ;
--------------------------------------------------------
--  DDL for Sequence REVIEW_SEQ
--------------------------------------------------------

   CREATE SEQUENCE  "REVIEW_SEQ"  MINVALUE 1001 MAXVALUE 9999 INCREMENT BY 1 START WITH 1077 NOCACHE  NOORDER  NOCYCLE  NOKEEP  NOSCALE  GLOBAL ;
--------------------------------------------------------
--  DDL for Table ACCOUNT
--------------------------------------------------------

  CREATE TABLE "ACCOUNT" 
   (	"IDX" NUMBER DEFAULT "ACCOUNT_SEQ"."NEXTVAL", 
	"USERID" VARCHAR2(100 BYTE), 
	"USERPW" VARCHAR2(100 BYTE), 
	"NICK" VARCHAR2(100 BYTE), 
	"EMAIL" VARCHAR2(100 BYTE), 
	"STATUS" VARCHAR2(100 BYTE) DEFAULT '게스트', 
	"BIRTH" DATE, 
	"PHONE" VARCHAR2(100 BYTE), 
	"FOREIGNER" VARCHAR2(100 BYTE), 
	"GENDER" VARCHAR2(10 BYTE), 
	"JOIN_DATE" DATE DEFAULT sysdate
   ) ;
--------------------------------------------------------
--  DDL for Table AREA
--------------------------------------------------------

  CREATE TABLE "AREA" 
   (	"IDX" NUMBER DEFAULT "AREA_SEQ"."NEXTVAL", 
	"NAME" VARCHAR2(50 BYTE)
   ) ;
--------------------------------------------------------
--  DDL for Table BOOKMARK
--------------------------------------------------------

  CREATE TABLE "BOOKMARK" 
   (	"IDX" NUMBER DEFAULT "BOOKMARK_SEQ"."NEXTVAL", 
	"ACC_IDX" NUMBER, 
	"RES_IDX" NUMBER, 
	"MARK_DATE" DATE DEFAULT sysdate
   ) ;
--------------------------------------------------------
--  DDL for Table CATEGORY
--------------------------------------------------------

  CREATE TABLE "CATEGORY" 
   (	"IDX" NUMBER DEFAULT "CATEGORY_SEQ"."NEXTVAL", 
	"NAME" VARCHAR2(100 BYTE)
   ) ;
--------------------------------------------------------
--  DDL for Table IMG
--------------------------------------------------------

  CREATE TABLE "IMG" 
   (	"IDX" NUMBER DEFAULT "IMG_SEQ"."NEXTVAL", 
	"RES_IDX" NUMBER, 
	"IMG_PATH" CLOB DEFAULT 'img/이미지 없음.jpg'
   ) ;
--------------------------------------------------------
--  DDL for Table NOTICE
--------------------------------------------------------

  CREATE TABLE "NOTICE" 
   (	"IDX" NUMBER DEFAULT "NOTICE_IDX"."NEXTVAL", 
	"TITLE" VARCHAR2(50 BYTE), 
	"CONTENTS" CLOB, 
	"WRITE_DATE" DATE DEFAULT sysdate, 
	"FACE" CLOB DEFAULT null
   ) ;
--------------------------------------------------------
--  DDL for Table RESTAURANT
--------------------------------------------------------

  CREATE TABLE "RESTAURANT" 
   (	"IDX" NUMBER DEFAULT "RES_SEQ"."NEXTVAL", 
	"NAME" VARCHAR2(100 BYTE), 
	"ADDRESS" VARCHAR2(200 BYTE), 
	"RES_PHONE" VARCHAR2(30 BYTE) DEFAULT '정보없음', 
	"CATEGORY" NUMBER, 
	"SCORE" NUMBER DEFAULT 0, 
	"PHOTO" CLOB, 
	"HOLIDAY" VARCHAR2(30 BYTE) DEFAULT '연중무휴', 
	"OP_HOUR" VARCHAR2(30 BYTE), 
	"PARK_AREA" NUMBER, 
	"VIEW_COUNT" NUMBER DEFAULT 0, 
	"PRICE" VARCHAR2(100 BYTE) DEFAULT 0, 
	"LINK" VARCHAR2(200 BYTE), 
	"AREA_IDX" NUMBER
   ) ;
--------------------------------------------------------
--  DDL for Table REVIEW
--------------------------------------------------------

  CREATE TABLE "REVIEW" 
   (	"IDX" NUMBER DEFAULT "REVIEW_SEQ"."NEXTVAL", 
	"WRITER" VARCHAR2(30 BYTE), 
	"CONTENT" CLOB, 
	"VISIT_DATE" DATE, 
	"WRITE_DATE" DATE DEFAULT sysdate, 
	"SCORE" NUMBER, 
	"GOOD" NUMBER, 
	"IMG" VARCHAR2(100 BYTE) DEFAULT 'no_image.jpg', 
	"RES_IDX" NUMBER
   ) ;
REM INSERTING into ACCOUNT
SET DEFINE OFF;
Insert into ACCOUNT (IDX,USERID,USERPW,NICK,EMAIL,STATUS,BIRTH,PHONE,FOREIGNER,GENDER,JOIN_DATE) values (1001,'test1','1234','JohnD','test4@itbank.com','게스트',to_date('90/01/15','RR/MM/DD'),'010-7854-2134','내국인','남',to_date('23/11/24','RR/MM/DD'));
REM INSERTING into AREA
SET DEFINE OFF;
Insert into AREA (IDX,NAME) values (103,'강원 삼척시');
Insert into AREA (IDX,NAME) values (104,'강원 속초시');
Insert into AREA (IDX,NAME) values (105,'강원 원주시');
Insert into AREA (IDX,NAME) values (106,'강원 춘천시');
Insert into AREA (IDX,NAME) values (109,'부산 수영구');
Insert into AREA (IDX,NAME) values (110,'부산 영도구');
Insert into AREA (IDX,NAME) values (111,'부산 중구');
Insert into AREA (IDX,NAME) values (101,'강원 강릉시');
Insert into AREA (IDX,NAME) values (112,'부산 해운대구');
Insert into AREA (IDX,NAME) values (113,'서울 강서구');
Insert into AREA (IDX,NAME) values (114,'서울 동대문구');
Insert into AREA (IDX,NAME) values (115,'서울 마포구');
Insert into AREA (IDX,NAME) values (116,'서울 서대문구');
Insert into AREA (IDX,NAME) values (117,'서울 종로구');
Insert into AREA (IDX,NAME) values (118,'제주 서귀포시');
Insert into AREA (IDX,NAME) values (119,'제주 제주시');
Insert into AREA (IDX,NAME) values (107,'강원 태백시');
Insert into AREA (IDX,NAME) values (108,'부산 부산진구');
Insert into AREA (IDX,NAME) values (102,'강원 동해시');
REM INSERTING into BOOKMARK
SET DEFINE OFF;
REM INSERTING into CATEGORY
SET DEFINE OFF;
Insert into CATEGORY (IDX,NAME) values (102,'돈까스·회·일식');
Insert into CATEGORY (IDX,NAME) values (103,'백반·죽·국수');
Insert into CATEGORY (IDX,NAME) values (104,'분식');
Insert into CATEGORY (IDX,NAME) values (105,'야식');
Insert into CATEGORY (IDX,NAME) values (106,'양식');
Insert into CATEGORY (IDX,NAME) values (107,'족발·보쌈');
Insert into CATEGORY (IDX,NAME) values (108,'중식');
Insert into CATEGORY (IDX,NAME) values (109,'찜·탕·찌개');
Insert into CATEGORY (IDX,NAME) values (110,'치킨');
Insert into CATEGORY (IDX,NAME) values (111,'카페·디저트');
Insert into CATEGORY (IDX,NAME) values (112,'피자');
Insert into CATEGORY (IDX,NAME) values (113,'한식');
Insert into CATEGORY (IDX,NAME) values (101,'고기·구이');
REM INSERTING into IMG
SET DEFINE OFF;
REM INSERTING into NOTICE
SET DEFINE OFF;
Insert into NOTICE (IDX,TITLE,WRITE_DATE) values (1,'공지사항 테스트',to_date('23/11/23','RR/MM/DD'));
Insert into NOTICE (IDX,TITLE,WRITE_DATE) values (1,'공지사항 테스트',to_date('23/11/16','RR/MM/DD'));
Insert into NOTICE (IDX,TITLE,WRITE_DATE) values (1,'공지사항 테스트',to_date('23/11/23','RR/MM/DD'));
Insert into NOTICE (IDX,TITLE,WRITE_DATE) values (1,'공지사항 테스트',to_date('23/11/16','RR/MM/DD'));
REM INSERTING into RESTAURANT
SET DEFINE OFF;
Insert into RESTAURANT (IDX,NAME,ADDRESS,RES_PHONE,CATEGORY,SCORE,HOLIDAY,OP_HOUR,PARK_AREA,VIEW_COUNT,PRICE,LINK,AREA_IDX) values (1585,'치히로식당','부산 부산진구 전포동 664-10','0507-1344-1409',102,0,'연중무휴','11:30-20:30',2,0,'17500-22900',null,108);
Insert into RESTAURANT (IDX,NAME,ADDRESS,RES_PHONE,CATEGORY,SCORE,HOLIDAY,OP_HOUR,PARK_AREA,VIEW_COUNT,PRICE,LINK,AREA_IDX) values (1586,'옥천사세탁','부산 부산진구 전포동 207-5','070 7514 1216',106,0,'연중무휴','11:30-22:00',2,0,'15000-40000',null,108);
Insert into RESTAURANT (IDX,NAME,ADDRESS,RES_PHONE,CATEGORY,SCORE,HOLIDAY,OP_HOUR,PARK_AREA,VIEW_COUNT,PRICE,LINK,AREA_IDX) values (1588,'모던테이블','부산 부산진구 부전동 220-1','051-809-0301',111,0,'연중무휴','12:00-23:00',2,0,'4000-8500',null,108);
Insert into RESTAURANT (IDX,NAME,ADDRESS,RES_PHONE,CATEGORY,SCORE,HOLIDAY,OP_HOUR,PARK_AREA,VIEW_COUNT,PRICE,LINK,AREA_IDX) values (1589,'코지','부산 부산진구 전포동 671-10 2F','0507-1437-0951',106,0,'연중무휴','11:30-22:00',2,0,'16000-18000',null,108);
Insert into RESTAURANT (IDX,NAME,ADDRESS,RES_PHONE,CATEGORY,SCORE,HOLIDAY,OP_HOUR,PARK_AREA,VIEW_COUNT,PRICE,LINK,AREA_IDX) values (1590,'오프커스','부산 부산진구 전포동 685-2','0507-1495-8871',111,0,'연중무휴','11:00-22:30',2,0,'4500-6500',null,108);
Insert into RESTAURANT (IDX,NAME,ADDRESS,RES_PHONE,CATEGORY,SCORE,HOLIDAY,OP_HOUR,PARK_AREA,VIEW_COUNT,PRICE,LINK,AREA_IDX) values (1591,'구석','부산 부산진구 부전동 168-382','051-802-9495',109,0,'연중무휴','17:00-03:00',2,0,'19000-32000',null,108);
Insert into RESTAURANT (IDX,NAME,ADDRESS,RES_PHONE,CATEGORY,SCORE,HOLIDAY,OP_HOUR,PARK_AREA,VIEW_COUNT,PRICE,LINK,AREA_IDX) values (1592,'육짚','부산 부산진구 전포동 683-15','051-808-1095',101,0,'연중무휴','12:00-23:00',2,0,'8000-36000',null,108);
Insert into RESTAURANT (IDX,NAME,ADDRESS,RES_PHONE,CATEGORY,SCORE,HOLIDAY,OP_HOUR,PARK_AREA,VIEW_COUNT,PRICE,LINK,AREA_IDX) values (1593,'고메','부산 부산진구 전포동 694-6','0507-1393-1809',111,0,'연중무휴','10:00-22:30',2,0,'5000-7000',null,108);
Insert into RESTAURANT (IDX,NAME,ADDRESS,RES_PHONE,CATEGORY,SCORE,HOLIDAY,OP_HOUR,PARK_AREA,VIEW_COUNT,PRICE,LINK,AREA_IDX) values (1594,'곱다','부산 부산진구 부전동 168-96','051-555-7744',101,0,'연중무휴','12:00-23:00',2,0,'7000-38000',null,108);
Insert into RESTAURANT (IDX,NAME,ADDRESS,RES_PHONE,CATEGORY,SCORE,HOLIDAY,OP_HOUR,PARK_AREA,VIEW_COUNT,PRICE,LINK,AREA_IDX) values (1595,'지구상사','부산 부산진구 부전동 172-3 2층','051-806-8517',101,0,'연중무휴','16:00-05:00',2,0,'7900-16900',null,108);
Insert into RESTAURANT (IDX,NAME,ADDRESS,RES_PHONE,CATEGORY,SCORE,HOLIDAY,OP_HOUR,PARK_AREA,VIEW_COUNT,PRICE,LINK,AREA_IDX) values (1596,'사월그날','부산 부산진구 부전동 168-391','051-818-8807',106,0,'연중무휴','17:30-03:00',2,0,'26000',null,108);
Insert into RESTAURANT (IDX,NAME,ADDRESS,RES_PHONE,CATEGORY,SCORE,HOLIDAY,OP_HOUR,PARK_AREA,VIEW_COUNT,PRICE,LINK,AREA_IDX) values (1597,'스페이스앤무드','부산 부산진구 부전동 396-14','051-915-1155',111,0,'연중무휴','10:00-22:00',1,0,'5000-17000',null,108);
Insert into RESTAURANT (IDX,NAME,ADDRESS,RES_PHONE,CATEGORY,SCORE,HOLIDAY,OP_HOUR,PARK_AREA,VIEW_COUNT,PRICE,LINK,AREA_IDX) values (1598,'유동커피','부산 부산진구 전포동 688-2','070-7798-4848',111,0,'연중무휴','09:30-23:00',2,0,'4800-5500',null,108);
Insert into RESTAURANT (IDX,NAME,ADDRESS,RES_PHONE,CATEGORY,SCORE,HOLIDAY,OP_HOUR,PARK_AREA,VIEW_COUNT,PRICE,LINK,AREA_IDX) values (1599,'오월생','부산 부산진구 전포동 312-12','0507-1338-8515',111,0,'연중무휴','12:00-22:00',2,0,'4000-6500',null,108);
Insert into RESTAURANT (IDX,NAME,ADDRESS,RES_PHONE,CATEGORY,SCORE,HOLIDAY,OP_HOUR,PARK_AREA,VIEW_COUNT,PRICE,LINK,AREA_IDX) values (1600,'삼삼횟집','부산 수영구 민락동 181-138','051-753-7333',102,0,'연중무휴','12:00-22:00',1,0,'8000-30000',null,109);
Insert into RESTAURANT (IDX,NAME,ADDRESS,RES_PHONE,CATEGORY,SCORE,HOLIDAY,OP_HOUR,PARK_AREA,VIEW_COUNT,PRICE,LINK,AREA_IDX) values (1601,'광안다찌','부산 수영구 민락동 110-50','051-751-0388',102,0,'연중무휴','화 12:00-23:00',1,0,'15000-49000',null,109);
Insert into RESTAURANT (IDX,NAME,ADDRESS,RES_PHONE,CATEGORY,SCORE,HOLIDAY,OP_HOUR,PARK_AREA,VIEW_COUNT,PRICE,LINK,AREA_IDX) values (1602,'하모횟집','부산 수영구 민락동 153-7','051-757-0205',102,0,'연중무휴','일 12:00-21:00',1,0,'45000-80000',null,109);
Insert into RESTAURANT (IDX,NAME,ADDRESS,RES_PHONE,CATEGORY,SCORE,HOLIDAY,OP_HOUR,PARK_AREA,VIEW_COUNT,PRICE,LINK,AREA_IDX) values (1603,'민락회타운','부산 수영구 민락동 181-84','051-757-3000',102,0,'연중무휴','09:00-02:00',1,0,'30000-35000',null,109);
Insert into RESTAURANT (IDX,NAME,ADDRESS,RES_PHONE,CATEGORY,SCORE,HOLIDAY,OP_HOUR,PARK_AREA,VIEW_COUNT,PRICE,LINK,AREA_IDX) values (1604,'대영횟집','부산 수영구 민락동 110-50','051-759-9002',102,0,'연중무휴','11:30-24:00',1,0,'55000-130000',null,109);
Insert into RESTAURANT (IDX,NAME,ADDRESS,RES_PHONE,CATEGORY,SCORE,HOLIDAY,OP_HOUR,PARK_AREA,VIEW_COUNT,PRICE,LINK,AREA_IDX) values (1605,'첨벙','부산 수영구 민락동 165-12','0507-1333-9154',102,0,'연중무휴','17:00-01:00',2,0,'9000-40000',null,109);
Insert into RESTAURANT (IDX,NAME,ADDRESS,RES_PHONE,CATEGORY,SCORE,HOLIDAY,OP_HOUR,PARK_AREA,VIEW_COUNT,PRICE,LINK,AREA_IDX) values (1606,'다이도코로','부산 수영구 남천동 3-57','070-8631-8402',102,0,'연중무휴','11:00-21:00',2,0,'8500-20000',null,109);
Insert into RESTAURANT (IDX,NAME,ADDRESS,RES_PHONE,CATEGORY,SCORE,HOLIDAY,OP_HOUR,PARK_AREA,VIEW_COUNT,PRICE,LINK,AREA_IDX) values (1607,'난파센','부산 수영구 남천동 3-60','051-622-0527',102,0,'연중무휴','수 11:30-21:00',2,0,'10000-15000','https://www.instagram.com/i_no_nanpasen',109);
Insert into RESTAURANT (IDX,NAME,ADDRESS,RES_PHONE,CATEGORY,SCORE,HOLIDAY,OP_HOUR,PARK_AREA,VIEW_COUNT,PRICE,LINK,AREA_IDX) values (1608,'다케다야','부산 수영구 남천동 3-58','051-611-5711',102,0,'연중무휴','월 11:30-20:00',2,0,'8000-11000',null,109);
Insert into RESTAURANT (IDX,NAME,ADDRESS,RES_PHONE,CATEGORY,SCORE,HOLIDAY,OP_HOUR,PARK_AREA,VIEW_COUNT,PRICE,LINK,AREA_IDX) values (1609,'고향카츠','부산 수영구 광안동 182-16','051-757-1202',102,0,'연중무휴','11:30-21:00',2,0,'13000-15000',null,109);
Insert into RESTAURANT (IDX,NAME,ADDRESS,RES_PHONE,CATEGORY,SCORE,HOLIDAY,OP_HOUR,PARK_AREA,VIEW_COUNT,PRICE,LINK,AREA_IDX) values (1610,'초필살돼지구이','부산 수영구 광안동 198-5','051-757-5515',101,0,'연중무휴','12:00-01:00',1,0,'7000-20000',null,109);
Insert into RESTAURANT (IDX,NAME,ADDRESS,RES_PHONE,CATEGORY,SCORE,HOLIDAY,OP_HOUR,PARK_AREA,VIEW_COUNT,PRICE,LINK,AREA_IDX) values (1611,'서래갈매기','부산 수영구 광안동 192-1','051-755-2692',101,0,'연중무휴','16:30-04:00',1,0,'9000-37000',null,109);
Insert into RESTAURANT (IDX,NAME,ADDRESS,RES_PHONE,CATEGORY,SCORE,HOLIDAY,OP_HOUR,PARK_AREA,VIEW_COUNT,PRICE,LINK,AREA_IDX) values (1612,'미식육','부산 수영구 민락동 110-40','051-758-8892',101,0,'연중무휴','12:00-02:00',2,0,'69000-109000',null,109);
Insert into RESTAURANT (IDX,NAME,ADDRESS,RES_PHONE,CATEGORY,SCORE,HOLIDAY,OP_HOUR,PARK_AREA,VIEW_COUNT,PRICE,LINK,AREA_IDX) values (1613,'냉삼집','부산 수영구 광안동 689-9','051-752-9295',101,0,'연중무휴','17:00-24:00',2,0,'5500-6500',null,109);
Insert into RESTAURANT (IDX,NAME,ADDRESS,RES_PHONE,CATEGORY,SCORE,HOLIDAY,OP_HOUR,PARK_AREA,VIEW_COUNT,PRICE,LINK,AREA_IDX) values (1614,'왕표고기','부산 수영구 민락동 194-1','0507-1395-3330',101,0,'연중무휴','17:00-24:00',2,0,'18000-35000',null,109);
Insert into RESTAURANT (IDX,NAME,ADDRESS,RES_PHONE,CATEGORY,SCORE,HOLIDAY,OP_HOUR,PARK_AREA,VIEW_COUNT,PRICE,LINK,AREA_IDX) values (1615,'참숯돈뱅크','부산 수영구 광안동 189-9','051-754-4664',101,0,'연중무휴','17:00-01:00',2,0,'5000-9000',null,109);
Insert into RESTAURANT (IDX,NAME,ADDRESS,RES_PHONE,CATEGORY,SCORE,HOLIDAY,OP_HOUR,PARK_AREA,VIEW_COUNT,PRICE,LINK,AREA_IDX) values (1616,'AMA','부산 수영구 민락동 158-14','051-910-9557',106,0,'연중무휴','일 12:00-21:00',2,0,'8000-25000',null,109);
Insert into RESTAURANT (IDX,NAME,ADDRESS,RES_PHONE,CATEGORY,SCORE,HOLIDAY,OP_HOUR,PARK_AREA,VIEW_COUNT,PRICE,LINK,AREA_IDX) values (1617,'로옹','부산 수영구 남천동 3-5','070-8848-3774',106,0,'연중무휴','08:30-16:00',2,0,'10000-60000',null,109);
Insert into RESTAURANT (IDX,NAME,ADDRESS,RES_PHONE,CATEGORY,SCORE,HOLIDAY,OP_HOUR,PARK_AREA,VIEW_COUNT,PRICE,LINK,AREA_IDX) values (1618,'수변최고돼지국밥','부산 수영구 민락동 110-54','051-754-9222',109,0,'연중무휴','00:00-24:00',2,0,'10000-14000',null,109);
Insert into RESTAURANT (IDX,NAME,ADDRESS,RES_PHONE,CATEGORY,SCORE,HOLIDAY,OP_HOUR,PARK_AREA,VIEW_COUNT,PRICE,LINK,AREA_IDX) values (1619,'꽃돼지국밥','부산 수영구 민락동 165-1','051-752-1489',109,0,'연중무휴','일 09:00-21:00',2,0,'8500-11500',null,109);
Insert into RESTAURANT (IDX,NAME,ADDRESS,RES_PHONE,CATEGORY,SCORE,HOLIDAY,OP_HOUR,PARK_AREA,VIEW_COUNT,PRICE,LINK,AREA_IDX) values (1620,'광안국밥','부산 수영구 광안동 193-4','051-757-0720',109,0,'연중무휴','00:00-24:00',1,0,'8000-10000',null,109);
Insert into RESTAURANT (IDX,NAME,ADDRESS,RES_PHONE,CATEGORY,SCORE,HOLIDAY,OP_HOUR,PARK_AREA,VIEW_COUNT,PRICE,LINK,AREA_IDX) values (1621,'뚜벅스 광안리점','부산 수영구 민락동 179-1','051-752-3944',111,0,'연중무휴','10:00-22:00',2,0,'5500-8300',null,109);
Insert into RESTAURANT (IDX,NAME,ADDRESS,RES_PHONE,CATEGORY,SCORE,HOLIDAY,OP_HOUR,PARK_AREA,VIEW_COUNT,PRICE,LINK,AREA_IDX) values (1622,'아일드블루','부산 수영구 남천동 5-13','051-611-5543',106,0,'연중무휴','11:00-23:00',1,0,'11000-26000',null,109);
Insert into RESTAURANT (IDX,NAME,ADDRESS,RES_PHONE,CATEGORY,SCORE,HOLIDAY,OP_HOUR,PARK_AREA,VIEW_COUNT,PRICE,LINK,AREA_IDX) values (1623,'일리카페 광안리점','부산 수영구 광안동 197-2','051-757-3089',111,0,'연중무휴','10:00-22:00',2,0,'4500-7500',null,109);
Insert into RESTAURANT (IDX,NAME,ADDRESS,RES_PHONE,CATEGORY,SCORE,HOLIDAY,OP_HOUR,PARK_AREA,VIEW_COUNT,PRICE,LINK,AREA_IDX) values (1624,'랑데자뷰 광안리점','부산 수영구 광안동 201-5 205호','051-753-0550',111,0,'연중무휴','10:00-22:30',1,0,'5500-7000',null,109);
Insert into RESTAURANT (IDX,NAME,ADDRESS,RES_PHONE,CATEGORY,SCORE,HOLIDAY,OP_HOUR,PARK_AREA,VIEW_COUNT,PRICE,LINK,AREA_IDX) values (1625,'컵앤컵','부산 수영구 광안동 200-20 4층','051-978-5200',111,0,'연중무휴','10:30-22:00',2,0,'5800-7500',null,109);
Insert into RESTAURANT (IDX,NAME,ADDRESS,RES_PHONE,CATEGORY,SCORE,HOLIDAY,OP_HOUR,PARK_AREA,VIEW_COUNT,PRICE,LINK,AREA_IDX) values (1626,'차선책','부산 수영구 민락동 179-11','0507-1356-0286',111,0,'연중무휴','11:00-22:00',2,0,'5500-7500',null,109);
Insert into RESTAURANT (IDX,NAME,ADDRESS,RES_PHONE,CATEGORY,SCORE,HOLIDAY,OP_HOUR,PARK_AREA,VIEW_COUNT,PRICE,LINK,AREA_IDX) values (1627,'별침대','부산 수영구 광안동 196-3','070-8892-5800',111,0,'연중무휴','10:00-22:00',1,0,'5500-11800',null,109);
Insert into RESTAURANT (IDX,NAME,ADDRESS,RES_PHONE,CATEGORY,SCORE,HOLIDAY,OP_HOUR,PARK_AREA,VIEW_COUNT,PRICE,LINK,AREA_IDX) values (1628,'코코플라토','부산 수영구 광안동 192-5 1층','051-757-0368',106,0,'연중무휴','화 10:00-22:00',1,0,'10000-20000',null,109);
Insert into RESTAURANT (IDX,NAME,ADDRESS,RES_PHONE,CATEGORY,SCORE,HOLIDAY,OP_HOUR,PARK_AREA,VIEW_COUNT,PRICE,LINK,AREA_IDX) values (1629,'뜨라또리아 단테','부산 수영구 민락동 184-5','051-923-8879',106,0,'연중무휴','월 12:00-22:00',2,0,'15000-30000',null,109);
Insert into RESTAURANT (IDX,NAME,ADDRESS,RES_PHONE,CATEGORY,SCORE,HOLIDAY,OP_HOUR,PARK_AREA,VIEW_COUNT,PRICE,LINK,AREA_IDX) values (1630,'게스후','부산 수영구 광안동 200-1','051-757-1213',106,0,'연중무휴','11:00-06:00',2,0,'19800-80000',null,109);
Insert into RESTAURANT (IDX,NAME,ADDRESS,RES_PHONE,CATEGORY,SCORE,HOLIDAY,OP_HOUR,PARK_AREA,VIEW_COUNT,PRICE,LINK,AREA_IDX) values (1631,'안쵸비','부산 수영구 민락동 24-31','0507-1309-7303',106,0,'연중무휴','일, 월 12:00-21:00',2,0,'17000-18000',null,109);
Insert into RESTAURANT (IDX,NAME,ADDRESS,RES_PHONE,CATEGORY,SCORE,HOLIDAY,OP_HOUR,PARK_AREA,VIEW_COUNT,PRICE,LINK,AREA_IDX) values (1632,'디에이블 광안점','부산 수영구 민락동 181-223 3층','051-754-5759',106,0,'연중무휴','11:00-22:00',1,0,'7900-34900',null,109);
Insert into RESTAURANT (IDX,NAME,ADDRESS,RES_PHONE,CATEGORY,SCORE,HOLIDAY,OP_HOUR,PARK_AREA,VIEW_COUNT,PRICE,LINK,AREA_IDX) values (1633,'선인장식당','부산 영도구 와치로 15 1층 선인장식당','0507-1351-6267',106,0,'연중무휴','월 11:00-21:00',1,0,'8500-12000','https://www.instagram.com/cactus___restaurant',110);
Insert into RESTAURANT (IDX,NAME,ADDRESS,RES_PHONE,CATEGORY,SCORE,HOLIDAY,OP_HOUR,PARK_AREA,VIEW_COUNT,PRICE,LINK,AREA_IDX) values (1634,'에테르','부산 영도구 영선동4가 1102','051-263-5055',111,0,'연중무휴','10:00-21:00',1,0,'6200-25000',null,110);
Insert into RESTAURANT (IDX,NAME,ADDRESS,RES_PHONE,CATEGORY,SCORE,HOLIDAY,OP_HOUR,PARK_AREA,VIEW_COUNT,PRICE,LINK,AREA_IDX) values (1635,'피아크','부산 영도구 동삼동 201-6','051-404-9200',111,0,'연중무휴','10:00-23:00',1,0,'6000-12000',null,110);
Insert into RESTAURANT (IDX,NAME,ADDRESS,RES_PHONE,CATEGORY,SCORE,HOLIDAY,OP_HOUR,PARK_AREA,VIEW_COUNT,PRICE,LINK,AREA_IDX) values (1636,'커피미미','부산 영도구 남항동2가 249-14','070-8908-9002',111,0,'연중무휴','12:00-15:00',2,0,'4000-8000',null,110);
Insert into RESTAURANT (IDX,NAME,ADDRESS,RES_PHONE,CATEGORY,SCORE,HOLIDAY,OP_HOUR,PARK_AREA,VIEW_COUNT,PRICE,LINK,AREA_IDX) values (1637,'컵넛','부산 영도구 영선동4가 1055','051-927-1541',111,0,'연중무휴','12:00-20:00',2,0,'3900-5800',null,110);
Insert into RESTAURANT (IDX,NAME,ADDRESS,RES_PHONE,CATEGORY,SCORE,HOLIDAY,OP_HOUR,PARK_AREA,VIEW_COUNT,PRICE,LINK,AREA_IDX) values (1638,'암튼 커피스탠드','부산 영도구 남항동3가 141-33','010-5050-3459',111,0,'연중무휴','11:30-21:30',1,0,'3500-5500',null,110);
Insert into RESTAURANT (IDX,NAME,ADDRESS,RES_PHONE,CATEGORY,SCORE,HOLIDAY,OP_HOUR,PARK_AREA,VIEW_COUNT,PRICE,LINK,AREA_IDX) values (1639,'물망초','부산 영도구 동삼동 산19-1','0507-1305-1097',101,0,'연중무휴','12:00-24:00',1,0,'50000-70000',null,110);
Insert into RESTAURANT (IDX,NAME,ADDRESS,RES_PHONE,CATEGORY,SCORE,HOLIDAY,OP_HOUR,PARK_AREA,VIEW_COUNT,PRICE,LINK,AREA_IDX) values (1640,'닥치라누나','부산 영도구 동삼동 산19-1','0507-1390-7294',101,0,'연중무휴','13:00-01:00',1,0,'40000-50000',null,110);
Insert into RESTAURANT (IDX,NAME,ADDRESS,RES_PHONE,CATEGORY,SCORE,HOLIDAY,OP_HOUR,PARK_AREA,VIEW_COUNT,PRICE,LINK,AREA_IDX) values (1641,'왔다식당','부산 영도구 청학동 386-197','051-412-2676',103,0,'연중무휴','일 08:30-15:00',1,0,'12000-20000',null,110);
Insert into RESTAURANT (IDX,NAME,ADDRESS,RES_PHONE,CATEGORY,SCORE,HOLIDAY,OP_HOUR,PARK_AREA,VIEW_COUNT,PRICE,LINK,AREA_IDX) values (1642,'그라치에','부산 영도구 청학동 148-160','070-4150-9999',106,0,'연중무휴','11:30-21:30',1,0,'12000-34000',null,110);
Insert into RESTAURANT (IDX,NAME,ADDRESS,RES_PHONE,CATEGORY,SCORE,HOLIDAY,OP_HOUR,PARK_AREA,VIEW_COUNT,PRICE,LINK,AREA_IDX) values (1643,'토로','부산 영도구 동삼동 712-4','051-403-8939',106,0,'연중무휴','11:30-22:00',1,0,'10000-150000',null,110);
Insert into RESTAURANT (IDX,NAME,ADDRESS,RES_PHONE,CATEGORY,SCORE,HOLIDAY,OP_HOUR,PARK_AREA,VIEW_COUNT,PRICE,LINK,AREA_IDX) values (1644,'청해수산','부산 영도구 봉래동3가 17-2','051-412-6888',102,0,'연중무휴','화 12:30-22:00',1,0,'35000-65000',null,110);
Insert into RESTAURANT (IDX,NAME,ADDRESS,RES_PHONE,CATEGORY,SCORE,HOLIDAY,OP_HOUR,PARK_AREA,VIEW_COUNT,PRICE,LINK,AREA_IDX) values (1645,'거북이회초밥','부산 영도구 남항동1가 194-4','051-418-7705',102,0,'연중무휴','월 12:00-22:00',2,0,'13000-30000',null,110);
Insert into RESTAURANT (IDX,NAME,ADDRESS,RES_PHONE,CATEGORY,SCORE,HOLIDAY,OP_HOUR,PARK_AREA,VIEW_COUNT,PRICE,LINK,AREA_IDX) values (1646,'커피네루다','부산 중구 남포동2가 39-6','051-253-1477',111,0,'연중무휴','11:00-21:30',2,0,'5000-7000',null,111);
Insert into RESTAURANT (IDX,NAME,ADDRESS,RES_PHONE,CATEGORY,SCORE,HOLIDAY,OP_HOUR,PARK_AREA,VIEW_COUNT,PRICE,LINK,AREA_IDX) values (1647,'김해식당','부산 중구 남포동5가 75-3','051-255-8242',109,0,'연중무휴','09:30-21:00',2,0,'12000-30000',null,111);
Insert into RESTAURANT (IDX,NAME,ADDRESS,RES_PHONE,CATEGORY,SCORE,HOLIDAY,OP_HOUR,PARK_AREA,VIEW_COUNT,PRICE,LINK,AREA_IDX) values (1648,'일광양곱창','부산 중구 남포동6가 3','051-243-4909',101,0,'연중무휴','12:00-23:00',2,0,'60000-80000',null,111);
Insert into RESTAURANT (IDX,NAME,ADDRESS,RES_PHONE,CATEGORY,SCORE,HOLIDAY,OP_HOUR,PARK_AREA,VIEW_COUNT,PRICE,LINK,AREA_IDX) values (1649,'백호상회','부산 중구 남포동5가 105-1','010-5138-2555',102,0,'연중무휴','11:00-23:00',1,0,'7500-120000',null,111);
Insert into RESTAURANT (IDX,NAME,ADDRESS,RES_PHONE,CATEGORY,SCORE,HOLIDAY,OP_HOUR,PARK_AREA,VIEW_COUNT,PRICE,LINK,AREA_IDX) values (1650,'징기스 강서구청점','서울 강서구 화곡로58길 22-14','02-6408-5888',101,0,'토/일','17:00~22:00',2,0,'13000~14000','https://www.siksinhot.com/P/974856',113);
Insert into RESTAURANT (IDX,NAME,ADDRESS,RES_PHONE,CATEGORY,SCORE,HOLIDAY,OP_HOUR,PARK_AREA,VIEW_COUNT,PRICE,LINK,AREA_IDX) values (1651,'돌배기집 강서구청점','서울 강서구 공항대로46길 47','02-6398-0306',101,0,'토/일','11:00~07:00',2,0,'9000~11000','https://www.siksinhot.com/P/829222',113);
Insert into RESTAURANT (IDX,NAME,ADDRESS,RES_PHONE,CATEGORY,SCORE,HOLIDAY,OP_HOUR,PARK_AREA,VIEW_COUNT,PRICE,LINK,AREA_IDX) values (1652,'110이즈백 강서구청점','서울 강서구 까치산로 172','02-2695-9294',110,0,'연중무휴','14:00~03:00',2,0,'15900~26500','https://www.siksinhot.com/P/1259259',113);
Insert into RESTAURANT (IDX,NAME,ADDRESS,RES_PHONE,CATEGORY,SCORE,HOLIDAY,OP_HOUR,PARK_AREA,VIEW_COUNT,PRICE,LINK,AREA_IDX) values (1653,'한신포차 강서구청점','서울 강서구 화곡6동 1115-26번지, 1층','02-2690-1356',105,0,'토/일','17:00~07:00',2,0,'10000~18000','https://www.siksinhot.com/P/315163',113);
Insert into RESTAURANT (IDX,NAME,ADDRESS,RES_PHONE,CATEGORY,SCORE,HOLIDAY,OP_HOUR,PARK_AREA,VIEW_COUNT,PRICE,LINK,AREA_IDX) values (1654,'강서풍천민물장어','서울 강서구 양천로18길 9','02-2661-1033',102,0,'토/일','10:00~23:00',2,0,'6000~7000','https://www.siksinhot.com/P/776346',113);
Insert into RESTAURANT (IDX,NAME,ADDRESS,RES_PHONE,CATEGORY,SCORE,HOLIDAY,OP_HOUR,PARK_AREA,VIEW_COUNT,PRICE,LINK,AREA_IDX) values (1655,'강서복집','서울 강서구 공항대로59길 8 우현빌딩','02-3661-6672',102,0,'연중무휴','11:00~22:00',1,0,'90000~130000','https://www.siksinhot.com/P/254464',113);
Insert into RESTAURANT (IDX,NAME,ADDRESS,RES_PHONE,CATEGORY,SCORE,HOLIDAY,OP_HOUR,PARK_AREA,VIEW_COUNT,PRICE,LINK,AREA_IDX) values (1656,'샤브미 강서점','서울 강서구 화곡로 398','02-3664-8383',101,0,'토/일','11:30~22:00',2,0,'21800~26800','https://www.siksinhot.com/P/254499',113);
Insert into RESTAURANT (IDX,NAME,ADDRESS,RES_PHONE,CATEGORY,SCORE,HOLIDAY,OP_HOUR,PARK_AREA,VIEW_COUNT,PRICE,LINK,AREA_IDX) values (1657,'닥터로빈 강서점','서울 강서구 공항대로 396','02-2693-3110',106,0,'주중','10:00~22:00',2,0,'12000','https://www.siksinhot.com/P/254250',113);
Insert into RESTAURANT (IDX,NAME,ADDRESS,RES_PHONE,CATEGORY,SCORE,HOLIDAY,OP_HOUR,PARK_AREA,VIEW_COUNT,PRICE,LINK,AREA_IDX) values (1658,'접시고기 강서점','서울 강서구 공항대로46길 25-8','02-6403-5959',101,0,'연중무휴','16:30~00:00',2,0,'24000','https://www.siksinhot.com/P/997915',113);
Insert into RESTAURANT (IDX,NAME,ADDRESS,RES_PHONE,CATEGORY,SCORE,HOLIDAY,OP_HOUR,PARK_AREA,VIEW_COUNT,PRICE,LINK,AREA_IDX) values (1659,'현대옥 서울강서점','서울 강서구 화곡로 346 귀뚜라미보일러오피스텔 101호','02-2602-0069',103,0,'연중무휴','00:00~24:00',2,0,'9000','https://www.siksinhot.com/P/433724',113);
Insert into RESTAURANT (IDX,NAME,ADDRESS,RES_PHONE,CATEGORY,SCORE,HOLIDAY,OP_HOUR,PARK_AREA,VIEW_COUNT,PRICE,LINK,AREA_IDX) values (1660,'코끼리한상 강서직영점','서울 강서구 화곡로64길 50','02-3661-2014',107,0,'연중무휴','11:00~22:00',2,0,'35000','https://www.siksinhot.com/P/979441',113);
Insert into RESTAURANT (IDX,NAME,ADDRESS,RES_PHONE,CATEGORY,SCORE,HOLIDAY,OP_HOUR,PARK_AREA,VIEW_COUNT,PRICE,LINK,AREA_IDX) values (1661,'충북식당','서울 강서구 강서로45가길 9','02-2697-1475',101,0,'연중무휴','13:00~22:00',2,0,'7000','https://www.siksinhot.com/P/449853',113);
Insert into RESTAURANT (IDX,NAME,ADDRESS,RES_PHONE,CATEGORY,SCORE,HOLIDAY,OP_HOUR,PARK_AREA,VIEW_COUNT,PRICE,LINK,AREA_IDX) values (1662,'오백년장어','서울 강서구 공항대로 367','02-2668-8778',102,0,'토/일','11:30~22:00',2,0,'34900','https://www.siksinhot.com/P/421823',113);
Insert into RESTAURANT (IDX,NAME,ADDRESS,RES_PHONE,CATEGORY,SCORE,HOLIDAY,OP_HOUR,PARK_AREA,VIEW_COUNT,PRICE,LINK,AREA_IDX) values (1663,'왕세숫대야 행복을파는집','서울 강서구 공항대로 423','02-2668-3608',102,0,'토/일','09:00~23:00',2,0,'7000~10000','https://www.siksinhot.com/P/436918',113);
Insert into RESTAURANT (IDX,NAME,ADDRESS,RES_PHONE,CATEGORY,SCORE,HOLIDAY,OP_HOUR,PARK_AREA,VIEW_COUNT,PRICE,LINK,AREA_IDX) values (1664,'베이징','서울 강서구 화곡로 118','02-2699-7275',108,0,'토/일','11:00~22:00',2,0,'6000~8000','https://www.siksinhot.com/P/439598',113);
Insert into RESTAURANT (IDX,NAME,ADDRESS,RES_PHONE,CATEGORY,SCORE,HOLIDAY,OP_HOUR,PARK_AREA,VIEW_COUNT,PRICE,LINK,AREA_IDX) values (1665,'천사곱창 화곡점','서울 강서구 우장산로 124','02-2699-3713',101,0,'연중무휴','15:00~06:00',2,0,'10900~11900','https://www.siksinhot.com/P/379219',113);
Insert into RESTAURANT (IDX,NAME,ADDRESS,RES_PHONE,CATEGORY,SCORE,HOLIDAY,OP_HOUR,PARK_AREA,VIEW_COUNT,PRICE,LINK,AREA_IDX) values (1666,'고양이똥','서울 강서구 공항대로59가길 13','02-6013-1281',106,0,'토/일','10:00~00:00',2,0,'10500~13000','https://www.siksinhot.com/P/324137',113);
Insert into RESTAURANT (IDX,NAME,ADDRESS,RES_PHONE,CATEGORY,SCORE,HOLIDAY,OP_HOUR,PARK_AREA,VIEW_COUNT,PRICE,LINK,AREA_IDX) values (1667,'키노시타','서울 강서구 등촌동 638-3 103호','02-6961-5896',102,0,'토/일','11:00~23:00',2,0,'31000','https://www.siksinhot.com/P/369755',113);
Insert into RESTAURANT (IDX,NAME,ADDRESS,RES_PHONE,CATEGORY,SCORE,HOLIDAY,OP_HOUR,PARK_AREA,VIEW_COUNT,PRICE,LINK,AREA_IDX) values (1668,'봄담아 등촌점','서울 강서구 공항대로 202,203,204호','02-2630-4200',101,0,'연중무휴','11:00~22:00',2,0,'13900~16900','https://www.siksinhot.com/P/1547196',113);
Insert into RESTAURANT (IDX,NAME,ADDRESS,RES_PHONE,CATEGORY,SCORE,HOLIDAY,OP_HOUR,PARK_AREA,VIEW_COUNT,PRICE,LINK,AREA_IDX) values (1669,'상미반상','서울 강서구 강서로16길 32 화창빌딩 1층','02-2603-0555',113,0,'연중무휴','09:30~22:30',2,0,'8000','https://www.siksinhot.com/P/1139115',113);
Insert into RESTAURANT (IDX,NAME,ADDRESS,RES_PHONE,CATEGORY,SCORE,HOLIDAY,OP_HOUR,PARK_AREA,VIEW_COUNT,PRICE,LINK,AREA_IDX) values (1670,'헬로비에트','서울 강서구 화곡로25길 25','070-4175-0121',103,0,'연중무휴','13:00~21:00',2,0,'6500','https://www.siksinhot.com/P/1067952',113);
Insert into RESTAURANT (IDX,NAME,ADDRESS,RES_PHONE,CATEGORY,SCORE,HOLIDAY,OP_HOUR,PARK_AREA,VIEW_COUNT,PRICE,LINK,AREA_IDX) values (1671,'감사한양','서울 강서구 마곡동 로4길 23','02-3662-9294',101,0,'연중무휴','18:00~23:30',2,0,'25000','https://www.siksinhot.com/P/998245',113);
Insert into RESTAURANT (IDX,NAME,ADDRESS,RES_PHONE,CATEGORY,SCORE,HOLIDAY,OP_HOUR,PARK_AREA,VIEW_COUNT,PRICE,LINK,AREA_IDX) values (1672,'말죽거리 닭발 본점','서울 강서구 까치산로27길 17','0507-1401-8070',101,0,'연중무휴','18:00~23:50',1,0,'19000','https://www.siksinhot.com/P/998107',113);
Insert into RESTAURANT (IDX,NAME,ADDRESS,RES_PHONE,CATEGORY,SCORE,HOLIDAY,OP_HOUR,PARK_AREA,VIEW_COUNT,PRICE,LINK,AREA_IDX) values (1673,'감성9091돼지','서울 강서구 공항대로 345','02-3665-9091',101,0,'연중무휴','13:00~23:00',2,0,'15000','https://www.siksinhot.com/P/997959',113);
Insert into RESTAURANT (IDX,NAME,ADDRESS,RES_PHONE,CATEGORY,SCORE,HOLIDAY,OP_HOUR,PARK_AREA,VIEW_COUNT,PRICE,LINK,AREA_IDX) values (1674,'강릉엄지네꼬막집','서울 강서구 공항대로 291','02-3663-6053',113,0,'토/일','11:00~22:00',2,0,'35000','https://www.siksinhot.com/P/977643',113);
Insert into RESTAURANT (IDX,NAME,ADDRESS,RES_PHONE,CATEGORY,SCORE,HOLIDAY,OP_HOUR,PARK_AREA,VIEW_COUNT,PRICE,LINK,AREA_IDX) values (1675,'pixxa','서울 강서구 화곡로56길 33','02-2607-9966',112,0,'연중무휴','18:00~03:00',2,0,'24500','https://www.siksinhot.com/P/871773',113);
Insert into RESTAURANT (IDX,NAME,ADDRESS,RES_PHONE,CATEGORY,SCORE,HOLIDAY,OP_HOUR,PARK_AREA,VIEW_COUNT,PRICE,LINK,AREA_IDX) values (1676,'정인호 완벽한 족발','서울 강서구 화곡로58길 30','02-2606-4114',107,0,'토/일','16:00~03:00',2,0,'29000~35000','https://www.siksinhot.com/P/851927',113);
Insert into RESTAURANT (IDX,NAME,ADDRESS,RES_PHONE,CATEGORY,SCORE,HOLIDAY,OP_HOUR,PARK_AREA,VIEW_COUNT,PRICE,LINK,AREA_IDX) values (1677,'개성집','서울 강서구 화곡로58길 30','02-2602-5327',101,0,'연중무휴','15:00~07:00',2,0,'12000~13000','https://www.siksinhot.com/P/642255',113);
Insert into RESTAURANT (IDX,NAME,ADDRESS,RES_PHONE,CATEGORY,SCORE,HOLIDAY,OP_HOUR,PARK_AREA,VIEW_COUNT,PRICE,LINK,AREA_IDX) values (1678,'띠아낭','서울 강서구 화곡로64길 72','070-4300-0707',103,0,'토/일','11:00~21:00',2,0,'8500','https://www.siksinhot.com/P/857347',113);
Insert into RESTAURANT (IDX,NAME,ADDRESS,RES_PHONE,CATEGORY,SCORE,HOLIDAY,OP_HOUR,PARK_AREA,VIEW_COUNT,PRICE,LINK,AREA_IDX) values (1679,'양송곱창','서울 강서구 공항대로46길 56','02-2695-3393',101,0,'토/일','16:00~04:00',2,0,'11000','https://www.siksinhot.com/P/416935',113);
Insert into RESTAURANT (IDX,NAME,ADDRESS,RES_PHONE,CATEGORY,SCORE,HOLIDAY,OP_HOUR,PARK_AREA,VIEW_COUNT,PRICE,LINK,AREA_IDX) values (1680,'장안동 먹깨비 간장게장 해물아구찜','서울 동대문구 장한로 92 1층','0507-1393-2158',109,0,'연중무휴','00:00-24:00',1,0,'50000','https://smartstore.naver.com/meokkkae_b',114);
Insert into RESTAURANT (IDX,NAME,ADDRESS,RES_PHONE,CATEGORY,SCORE,HOLIDAY,OP_HOUR,PARK_AREA,VIEW_COUNT,PRICE,LINK,AREA_IDX) values (1681,'독립밀방 청량리','서울 동대문구 왕산로 214 청량리역사 3층 308호','0507-1361-3418',106,0,'연중무휴','11:00-22:00',2,0,'21000','http://www.instagram.com/dongnip_millbang',114);
Insert into RESTAURANT (IDX,NAME,ADDRESS,RES_PHONE,CATEGORY,SCORE,HOLIDAY,OP_HOUR,PARK_AREA,VIEW_COUNT,PRICE,LINK,AREA_IDX) values (1682,'오마카세 오사이초밥 고려대역점','서울 동대문구 회기로2길 2 2층','0507-1397-3755',102,0,'연중무휴','10:30-21:30',2,0,'19000','https://www.instagram.com/omakase542_ku',114);
Insert into RESTAURANT (IDX,NAME,ADDRESS,RES_PHONE,CATEGORY,SCORE,HOLIDAY,OP_HOUR,PARK_AREA,VIEW_COUNT,PRICE,LINK,AREA_IDX) values (1683,'서울뼈구이매운족발','서울 동대문구 왕산로 274-1','02-965-5838',107,0,'연중무휴','12:00-22:00',2,0,'26000',null,114);
Insert into RESTAURANT (IDX,NAME,ADDRESS,RES_PHONE,CATEGORY,SCORE,HOLIDAY,OP_HOUR,PARK_AREA,VIEW_COUNT,PRICE,LINK,AREA_IDX) values (1684,'남원통닭','서울 동대문구 홍릉로1길 39','02-968-9841',110,0,'연중무휴','10:00-22:00',2,0,'16000',null,114);
Insert into RESTAURANT (IDX,NAME,ADDRESS,RES_PHONE,CATEGORY,SCORE,HOLIDAY,OP_HOUR,PARK_AREA,VIEW_COUNT,PRICE,LINK,AREA_IDX) values (1685,'서파넓적갈비 용두점','서울 동대문구 천호대로31길 16 탑빌딩 1층','0507-1466-0726',101,0,'연중무휴','11:00-21:00',1,0,'18000','https://www.instagram.com/seopa_galbi',114);
Insert into RESTAURANT (IDX,NAME,ADDRESS,RES_PHONE,CATEGORY,SCORE,HOLIDAY,OP_HOUR,PARK_AREA,VIEW_COUNT,PRICE,LINK,AREA_IDX) values (1686,'최원석의 돼지한판 서해쭈꾸미','서울 동대문구 전농로 222','0507-1365-5592',101,0,'연중무휴','11:30-01:00',1,0,'15000','http://www.instagram.com/pig_k.o',114);
Insert into RESTAURANT (IDX,NAME,ADDRESS,RES_PHONE,CATEGORY,SCORE,HOLIDAY,OP_HOUR,PARK_AREA,VIEW_COUNT,PRICE,LINK,AREA_IDX) values (1687,'경양카츠 경희대점','서울 동대문구 회기로 146-1 1층','0507-1368-0932',102,0,'연중무휴','11:30-21:00',2,0,'14900',null,114);
Insert into RESTAURANT (IDX,NAME,ADDRESS,RES_PHONE,CATEGORY,SCORE,HOLIDAY,OP_HOUR,PARK_AREA,VIEW_COUNT,PRICE,LINK,AREA_IDX) values (1688,'안동집 손칼국시','서울 동대문구 고산자로36길 3 신관 지하1층','02-965-3948',103,0,'연중무휴','10:00-20:00',2,0,'8000',null,114);
Insert into RESTAURANT (IDX,NAME,ADDRESS,RES_PHONE,CATEGORY,SCORE,HOLIDAY,OP_HOUR,PARK_AREA,VIEW_COUNT,PRICE,LINK,AREA_IDX) values (1689,'어머니대성집','서울 동대문구 왕산로11길 4','02-923-1718',103,0,'연중무휴','6:00-04:00',1,0,'12000',null,114);
Insert into RESTAURANT (IDX,NAME,ADDRESS,RES_PHONE,CATEGORY,SCORE,HOLIDAY,OP_HOUR,PARK_AREA,VIEW_COUNT,PRICE,LINK,AREA_IDX) values (1690,'봄의정원 회기점','서울 동대문구 경희대로1길 35 봄의정원 회기점','0507-1363-7382',106,0,'연중무휴','11:30-21:30',2,0,'13000','https://www.instagram.com/spring__garden_',114);
Insert into RESTAURANT (IDX,NAME,ADDRESS,RES_PHONE,CATEGORY,SCORE,HOLIDAY,OP_HOUR,PARK_AREA,VIEW_COUNT,PRICE,LINK,AREA_IDX) values (1450,'강릉감자옹심 강릉본점','강원 강릉시 토성로 171','033-648-0340',103,0,'연중무휴','10:30 ~ 16:00',2,0,'4000-9000','https://www.siksinhot.com/P/253867',101);
Insert into RESTAURANT (IDX,NAME,ADDRESS,RES_PHONE,CATEGORY,SCORE,HOLIDAY,OP_HOUR,PARK_AREA,VIEW_COUNT,PRICE,LINK,AREA_IDX) values (1451,'강릉 짬뽕 순두부 동화가든','강원 강릉시 초당순두부길77번길 15','033-652-9885',103,0,'수','07:00 ~ 19:00',1,0,'9000~10000','https://www.siksinhot.com/P/253961',101);
Insert into RESTAURANT (IDX,NAME,ADDRESS,RES_PHONE,CATEGORY,SCORE,HOLIDAY,OP_HOUR,PARK_AREA,VIEW_COUNT,PRICE,LINK,AREA_IDX) values (1452,'강릉풍년갈비','강원 강릉시 강릉대로587번길 10-5','033-651-9245',103,0,'연중무휴','11:00 ~ 21:50',1,0,'18000~20000','https://www.siksinhot.com/P/392145',101);
Insert into RESTAURANT (IDX,NAME,ADDRESS,RES_PHONE,CATEGORY,SCORE,HOLIDAY,OP_HOUR,PARK_AREA,VIEW_COUNT,PRICE,LINK,AREA_IDX) values (1453,'원조강릉교동반점','강원 강릉시 강릉대로 205','033-646-3833',108,0,'월','10:00~18:00',1,0,'8000~9000','https://www.siksinhot.com/P/33685',101);
Insert into RESTAURANT (IDX,NAME,ADDRESS,RES_PHONE,CATEGORY,SCORE,HOLIDAY,OP_HOUR,PARK_AREA,VIEW_COUNT,PRICE,LINK,AREA_IDX) values (1454,'강릉 수제 어묵 고로케','강원 강릉시 금성로13번길 8','010-9630-9799',111,0,'연중무휴','상시',2,0,'2500','https://www.siksinhot.com/P/873006#',101);
Insert into RESTAURANT (IDX,NAME,ADDRESS,RES_PHONE,CATEGORY,SCORE,HOLIDAY,OP_HOUR,PARK_AREA,VIEW_COUNT,PRICE,LINK,AREA_IDX) values (1455,'강릉 빵다방','강원 강릉시 남강초교1길 24','033-642-8807',111,0,'월요일','12:00~20:00',2,0,'3000~4500','https://www.siksinhot.com/P/605481',101);
Insert into RESTAURANT (IDX,NAME,ADDRESS,RES_PHONE,CATEGORY,SCORE,HOLIDAY,OP_HOUR,PARK_AREA,VIEW_COUNT,PRICE,LINK,AREA_IDX) values (1456,'강릉 전복 뚝배기','강원 강릉시 창해로350번길 5','033-651-2888',109,0,'연중무휴','08:00~21:00',2,0,'13000~19000','https://www.siksinhot.com/P/479584',101);
Insert into RESTAURANT (IDX,NAME,ADDRESS,RES_PHONE,CATEGORY,SCORE,HOLIDAY,OP_HOUR,PARK_AREA,VIEW_COUNT,PRICE,LINK,AREA_IDX) values (1457,'강릉 교동짬뽕','강원 강릉시 하슬라로232번길 26-12','033-655-3939',108,0,'연중무휴','10:00~20:30',2,0,'7000~12000','https://www.siksinhot.com/P/324448',101);
Insert into RESTAURANT (IDX,NAME,ADDRESS,RES_PHONE,CATEGORY,SCORE,HOLIDAY,OP_HOUR,PARK_AREA,VIEW_COUNT,PRICE,LINK,AREA_IDX) values (1458,'강릉 부성불고기 찜닭','강원 강릉시 옥가로 50','033-641-3601',109,0,'토/일','09:00~21:00',1,0,'20000','https://www.siksinhot.com/P/442546',101);
Insert into RESTAURANT (IDX,NAME,ADDRESS,RES_PHONE,CATEGORY,SCORE,HOLIDAY,OP_HOUR,PARK_AREA,VIEW_COUNT,PRICE,LINK,AREA_IDX) values (1459,'지호한방삼계탕 강릉점','강원 강릉시 정원로 83-9','033-643-9255',101,0,'토/일','10:00~22:00',2,0,'13000','https://www.siksinhot.com/P/324761',101);
Insert into RESTAURANT (IDX,NAME,ADDRESS,RES_PHONE,CATEGORY,SCORE,HOLIDAY,OP_HOUR,PARK_AREA,VIEW_COUNT,PRICE,LINK,AREA_IDX) values (1460,'강문어화횟집','강원 강릉시 창해로 348','033-653-0025',102,0,'토/일','10:30~23:00',1,0,'10000 ~ 80000','https://www.siksinhot.com/P/254069',101);
Insert into RESTAURANT (IDX,NAME,ADDRESS,RES_PHONE,CATEGORY,SCORE,HOLIDAY,OP_HOUR,PARK_AREA,VIEW_COUNT,PRICE,LINK,AREA_IDX) values (1461,'강릉 말미','강원 강릉시 구정면 말미길 122-20','033-644-7793',106,0,'연중무휴','11:00~21:00',2,0,'16000 ~ 19000','https://www.siksinhot.com/P/480037',101);
Insert into RESTAURANT (IDX,NAME,ADDRESS,RES_PHONE,CATEGORY,SCORE,HOLIDAY,OP_HOUR,PARK_AREA,VIEW_COUNT,PRICE,LINK,AREA_IDX) values (1462,'강릉불고기','강원 강릉시 강동면 풍호길 270','033-646-6033',101,0,'연중무휴','10:00 ~ 20:00',1,0,'2000~8000','https://www.siksinhot.com/P/481973',101);
Insert into RESTAURANT (IDX,NAME,ADDRESS,RES_PHONE,CATEGORY,SCORE,HOLIDAY,OP_HOUR,PARK_AREA,VIEW_COUNT,PRICE,LINK,AREA_IDX) values (1463,'강릉염전조개구이','강원 강릉시 성덕포남로153번길 28','0503-5798-2328',103,0,'연중무휴','12:00~00:00',2,0,'15000','https://www.siksinhot.com/P/1080626',101);
Insert into RESTAURANT (IDX,NAME,ADDRESS,RES_PHONE,CATEGORY,SCORE,HOLIDAY,OP_HOUR,PARK_AREA,VIEW_COUNT,PRICE,LINK,AREA_IDX) values (1464,'강릉갈비찜','강원 강릉시 위촌길 55 강릉갈비찜','033-642-3000',101,0,'연중무휴','11:00~21:00',2,0,'9000','https://www.siksinhot.com/P/1179485',101);
Insert into RESTAURANT (IDX,NAME,ADDRESS,RES_PHONE,CATEGORY,SCORE,HOLIDAY,OP_HOUR,PARK_AREA,VIEW_COUNT,PRICE,LINK,AREA_IDX) values (1465,'강릉숨은고깃집','강원 강릉시 위촌길 55','033-648-5592',101,0,'연중무휴','12:00~22:00',2,0,'4000~13000','https://www.siksinhot.com/P/1171584',101);
Insert into RESTAURANT (IDX,NAME,ADDRESS,RES_PHONE,CATEGORY,SCORE,HOLIDAY,OP_HOUR,PARK_AREA,VIEW_COUNT,PRICE,LINK,AREA_IDX) values (1466,'강문가','강원 강릉시 초당원길 17 강문가','033-653-2622',102,0,'연중무휴','10:00~22:30',2,0,'15000','https://www.siksinhot.com/P/1160445',101);
Insert into RESTAURANT (IDX,NAME,ADDRESS,RES_PHONE,CATEGORY,SCORE,HOLIDAY,OP_HOUR,PARK_AREA,VIEW_COUNT,PRICE,LINK,AREA_IDX) values (1467,'와플대학 강릉중앙캠퍼스','강원 강릉시 금성로 32-5','033-645-4589',111,0,'연중무휴','10:00 ~ 21:00',2,0,'4000~7000','https://www.siksinhot.com/P/1116834',101);
Insert into RESTAURANT (IDX,NAME,ADDRESS,RES_PHONE,CATEGORY,SCORE,HOLIDAY,OP_HOUR,PARK_AREA,VIEW_COUNT,PRICE,LINK,AREA_IDX) values (1468,'강릉성남시장','강원 강릉시 중앙시장1길 16','033-647-0006',104,0,'연중무휴','10:00~20:00',2,0,'3500~6000','https://www.siksinhot.com/P/1101424',101);
Insert into RESTAURANT (IDX,NAME,ADDRESS,RES_PHONE,CATEGORY,SCORE,HOLIDAY,OP_HOUR,PARK_AREA,VIEW_COUNT,PRICE,LINK,AREA_IDX) values (1469,'강릉양꼬치','강원 강릉시 옥천로19번길 32','033-655-1357',101,0,'연중무휴','13:00~01:00',2,0,'5000~20000','https://www.siksinhot.com/P/970676',101);
Insert into RESTAURANT (IDX,NAME,ADDRESS,RES_PHONE,CATEGORY,SCORE,HOLIDAY,OP_HOUR,PARK_AREA,VIEW_COUNT,PRICE,LINK,AREA_IDX) values (1470,'동그라미해물집','강원 동해시 효자로 686-4','033-522-4449',103,0,'연중무휴','11:30~20:30',2,0,'14000','https://www.siksinhot.com/P/367088',102);
Insert into RESTAURANT (IDX,NAME,ADDRESS,RES_PHONE,CATEGORY,SCORE,HOLIDAY,OP_HOUR,PARK_AREA,VIEW_COUNT,PRICE,LINK,AREA_IDX) values (1471,'동해바다곰치곡','강원 동해시 일출로 177','033-532-0265',102,0,'연중무휴','06:00~19:00',2,0,'12000~30000','https://www.siksinhot.com/P/481990',102);
Insert into RESTAURANT (IDX,NAME,ADDRESS,RES_PHONE,CATEGORY,SCORE,HOLIDAY,OP_HOUR,PARK_AREA,VIEW_COUNT,PRICE,LINK,AREA_IDX) values (1472,'동북횟집','강원 동해시 일출로 95','033-532-7156',102,0,'연중무휴','08:00~21:00',1,0,'12000','https://www.siksinhot.com/P/873945',102);
Insert into RESTAURANT (IDX,NAME,ADDRESS,RES_PHONE,CATEGORY,SCORE,HOLIDAY,OP_HOUR,PARK_AREA,VIEW_COUNT,PRICE,LINK,AREA_IDX) values (1473,'동해돌짜장','강원 동해시 청운2길 64 동해돌짜장','033-521-4555',108,0,'연중무휴','11:00~20:30',2,0,'20000~30000','https://www.siksinhot.com/P/1311890',102);
Insert into RESTAURANT (IDX,NAME,ADDRESS,RES_PHONE,CATEGORY,SCORE,HOLIDAY,OP_HOUR,PARK_AREA,VIEW_COUNT,PRICE,LINK,AREA_IDX) values (1474,'모노끼동해점','강원 동해시 한섬로 113-3','033-534-8872',102,0,'연중무휴','12:00~20:00',2,0,'8000~10000','https://www.siksinhot.com/P/626174',102);
Insert into RESTAURANT (IDX,NAME,ADDRESS,RES_PHONE,CATEGORY,SCORE,HOLIDAY,OP_HOUR,PARK_AREA,VIEW_COUNT,PRICE,LINK,AREA_IDX) values (1475,'삼거리식당','강원 삼척시 새천년도로 15','033-574-2424',103,0,'연중무휴','11:00~21:00',2,0,'8000~25000','https://www.siksinhot.com/P/266620',103);
Insert into RESTAURANT (IDX,NAME,ADDRESS,RES_PHONE,CATEGORY,SCORE,HOLIDAY,OP_HOUR,PARK_AREA,VIEW_COUNT,PRICE,LINK,AREA_IDX) values (1476,'삼정식당','강원 삼척시 새천년도로 30 삼정식당','033-573-3233',102,0,'연중무휴','08:00~21:00',1,0,'10000~50000','https://www.siksinhot.com/P/367375',103);
Insert into RESTAURANT (IDX,NAME,ADDRESS,RES_PHONE,CATEGORY,SCORE,HOLIDAY,OP_HOUR,PARK_AREA,VIEW_COUNT,PRICE,LINK,AREA_IDX) values (1477,'삼척횟집','강원 삼척시 정하동 41-273','033-574-5240',102,0,'토/일','10:00~22:30',2,0,'12000','https://www.siksinhot.com/P/266618',103);
Insert into RESTAURANT (IDX,NAME,ADDRESS,RES_PHONE,CATEGORY,SCORE,HOLIDAY,OP_HOUR,PARK_AREA,VIEW_COUNT,PRICE,LINK,AREA_IDX) values (1478,'삼척해물','강원 삼척시 남양동 7-6','033-574-6611',109,0,'토/일','11:00~21:00',2,0,'23000','https://www.siksinhot.com/P/266584',103);
Insert into RESTAURANT (IDX,NAME,ADDRESS,RES_PHONE,CATEGORY,SCORE,HOLIDAY,OP_HOUR,PARK_AREA,VIEW_COUNT,PRICE,LINK,AREA_IDX) values (1479,'삼척전복해물뚝배기','강원 삼척시 테마타운길 59','033-572-9999',103,0,'토/일','08:00~21:00',2,0,'19000','https://www.siksinhot.com/P/625980',103);
Insert into RESTAURANT (IDX,NAME,ADDRESS,RES_PHONE,CATEGORY,SCORE,HOLIDAY,OP_HOUR,PARK_AREA,VIEW_COUNT,PRICE,LINK,AREA_IDX) values (1480,'만석닭강정 시장주차장점','강원 속초시 수복로 194','1577-9042',110,0,'토/일','09:00~22:00',1,0,'17000~19000','https://www.siksinhot.com/P/25409',104);
Insert into RESTAURANT (IDX,NAME,ADDRESS,RES_PHONE,CATEGORY,SCORE,HOLIDAY,OP_HOUR,PARK_AREA,VIEW_COUNT,PRICE,LINK,AREA_IDX) values (1481,'봉포머구리집','강원 속초시 영랑해안길 223','033-631-2021',102,0,'공휴일','10:00~21:00',1,0,'22000','https://www.siksinhot.com/P/254083',104);
Insert into RESTAURANT (IDX,NAME,ADDRESS,RES_PHONE,CATEGORY,SCORE,HOLIDAY,OP_HOUR,PARK_AREA,VIEW_COUNT,PRICE,LINK,AREA_IDX) values (1482,'88생선구이','강원 속초시 중앙부두길 71','033-633-8892',101,0,'연중무휴','08:30~20:30',2,0,'17000','https://www.siksinhot.com/P/254164',104);
Insert into RESTAURANT (IDX,NAME,ADDRESS,RES_PHONE,CATEGORY,SCORE,HOLIDAY,OP_HOUR,PARK_AREA,VIEW_COUNT,PRICE,LINK,AREA_IDX) values (1483,'함흥막국수','강원 속초시 중앙로54번길 3','033-632-6707',103,0,'연중무휴','10:00~20:00',2,0,'8000','https://www.siksinhot.com/P/359235',104);
Insert into RESTAURANT (IDX,NAME,ADDRESS,RES_PHONE,CATEGORY,SCORE,HOLIDAY,OP_HOUR,PARK_AREA,VIEW_COUNT,PRICE,LINK,AREA_IDX) values (1484,'단천식당','강원 속초시 아바이마을길 17','033-632-7828',104,0,'연중무휴','08:00~20:30',1,0,'8000','https://www.siksinhot.com/P/254140',104);
Insert into RESTAURANT (IDX,NAME,ADDRESS,RES_PHONE,CATEGORY,SCORE,HOLIDAY,OP_HOUR,PARK_AREA,VIEW_COUNT,PRICE,LINK,AREA_IDX) values (1485,'김영애할머니 순두부','강원 속초시 원암학사평길 183','033-635-9520',103,0,'연중무휴','07:00~15:00',1,0,'10000','https://www.siksinhot.com/P/254146',104);
Insert into RESTAURANT (IDX,NAME,ADDRESS,RES_PHONE,CATEGORY,SCORE,HOLIDAY,OP_HOUR,PARK_AREA,VIEW_COUNT,PRICE,LINK,AREA_IDX) values (1486,'이조면옥','강원 속초시 조양동 1490-261','033-632-3181',103,0,'연중무휴','10:30~20:00',1,0,'9000~23000','https://www.siksinhot.com/P/254173',104);
Insert into RESTAURANT (IDX,NAME,ADDRESS,RES_PHONE,CATEGORY,SCORE,HOLIDAY,OP_HOUR,PARK_AREA,VIEW_COUNT,PRICE,LINK,AREA_IDX) values (1487,'이모네식당','강원 속초시 영랑해안6길 16','033-637-6900',101,0,'수','10:00~19:30',1,0,'35000','https://www.siksinhot.com/P/254167',104);
Insert into RESTAURANT (IDX,NAME,ADDRESS,RES_PHONE,CATEGORY,SCORE,HOLIDAY,OP_HOUR,PARK_AREA,VIEW_COUNT,PRICE,LINK,AREA_IDX) values (1488,'신다신','강원 속초시 아바이마을길 22','033-633-3871',104,0,'화','10:00~20:00',1,0,'9000~16000','https://www.siksinhot.com/P/71167',104);
Insert into RESTAURANT (IDX,NAME,ADDRESS,RES_PHONE,CATEGORY,SCORE,HOLIDAY,OP_HOUR,PARK_AREA,VIEW_COUNT,PRICE,LINK,AREA_IDX) values (1489,'감나무집 감자옹심이','강원 속초시 중앙시장로 110-8','033-633-2306',103,0,'화','10:00~20:00',1,0,'12000','https://www.siksinhot.com/P/254088',104);
Insert into RESTAURANT (IDX,NAME,ADDRESS,RES_PHONE,CATEGORY,SCORE,HOLIDAY,OP_HOUR,PARK_AREA,VIEW_COUNT,PRICE,LINK,AREA_IDX) values (1490,'춘선내','강원 속초시 청초호반로 230','033-635-8052',103,0,'연중무휴','07:00~22:00',1,0,'3000~35000','https://www.siksinhot.com/P/368441',104);
Insert into RESTAURANT (IDX,NAME,ADDRESS,RES_PHONE,CATEGORY,SCORE,HOLIDAY,OP_HOUR,PARK_AREA,VIEW_COUNT,PRICE,LINK,AREA_IDX) values (1491,'속초생대구','강원 속초시 영랑해안3길 14','033-636-9774',103,0,'연중무휴','10:00~20:00',1,0,'20000~30000','https://www.siksinhot.com/P/359548',104);
Insert into RESTAURANT (IDX,NAME,ADDRESS,RES_PHONE,CATEGORY,SCORE,HOLIDAY,OP_HOUR,PARK_AREA,VIEW_COUNT,PRICE,LINK,AREA_IDX) values (1492,'동명항 생선숯불구이','강원 속초시 동명동 513-98','033-632-3376',101,0,'화','11:00~21:00',1,0,'19000','https://www.siksinhot.com/P/99807',104);
Insert into RESTAURANT (IDX,NAME,ADDRESS,RES_PHONE,CATEGORY,SCORE,HOLIDAY,OP_HOUR,PARK_AREA,VIEW_COUNT,PRICE,LINK,AREA_IDX) values (1493,'함흥냉면옥','강원 속초시 청초호반로 299','033-633-2256',103,0,'목','10:30~20:30',1,0,'9000','https://www.siksinhot.com/P/254193',104);
Insert into RESTAURANT (IDX,NAME,ADDRESS,RES_PHONE,CATEGORY,SCORE,HOLIDAY,OP_HOUR,PARK_AREA,VIEW_COUNT,PRICE,LINK,AREA_IDX) values (1494,'사돈집','강원 속초시 영랑해안1길 8','033-633-0915',109,0,'목','08:00~15:30',1,0,'20000','https://www.siksinhot.com/P/254205',104);
Insert into RESTAURANT (IDX,NAME,ADDRESS,RES_PHONE,CATEGORY,SCORE,HOLIDAY,OP_HOUR,PARK_AREA,VIEW_COUNT,PRICE,LINK,AREA_IDX) values (1495,'후포식당','강원 속초시 중앙로108번길 22','033-632-6738',109,0,'연중무휴','08:30~21:00',1,0,'10000~30000','https://www.siksinhot.com/P/367045',104);
Insert into RESTAURANT (IDX,NAME,ADDRESS,RES_PHONE,CATEGORY,SCORE,HOLIDAY,OP_HOUR,PARK_AREA,VIEW_COUNT,PRICE,LINK,AREA_IDX) values (1496,'구구집','강원 속초시 중앙로 341','033-636-1888',102,0,'수','09:30~22:00',1,0,'15000~20000','https://www.siksinhot.com/P/427984',104);
Insert into RESTAURANT (IDX,NAME,ADDRESS,RES_PHONE,CATEGORY,SCORE,HOLIDAY,OP_HOUR,PARK_AREA,VIEW_COUNT,PRICE,LINK,AREA_IDX) values (1497,'청초수물회','강원 속초시 엑스포로 12-36','033-635-5050',102,0,'연중무휴','10:00~20:50',1,0,'16000','https://www.siksinhot.com/P/254162',104);
Insert into RESTAURANT (IDX,NAME,ADDRESS,RES_PHONE,CATEGORY,SCORE,HOLIDAY,OP_HOUR,PARK_AREA,VIEW_COUNT,PRICE,LINK,AREA_IDX) values (1498,'속초어장물회','강원 속초시 엑스포로 31','033-637-8833',102,0,'연중무휴','10:00~21:30',1,0,'13000~17000','https://www.siksinhot.com/P/359190',104);
Insert into RESTAURANT (IDX,NAME,ADDRESS,RES_PHONE,CATEGORY,SCORE,HOLIDAY,OP_HOUR,PARK_AREA,VIEW_COUNT,PRICE,LINK,AREA_IDX) values (1499,'양반댁함흥냉면','강원 속초시 청초호반로 302','033-636-9999',103,0,'화','10:00~20:00',1,0,'9000~10000','https://www.siksinhot.com/P/254224',104);
Insert into RESTAURANT (IDX,NAME,ADDRESS,RES_PHONE,CATEGORY,SCORE,HOLIDAY,OP_HOUR,PARK_AREA,VIEW_COUNT,PRICE,LINK,AREA_IDX) values (1500,'2대송림순대집','강원 속초시 아바이마을길 12','033-633-0340',104,0,'연중무휴','09:00~23:00',2,0,'8000','https://www.siksinhot.com/P/312732',104);
Insert into RESTAURANT (IDX,NAME,ADDRESS,RES_PHONE,CATEGORY,SCORE,HOLIDAY,OP_HOUR,PARK_AREA,VIEW_COUNT,PRICE,LINK,AREA_IDX) values (1501,'중앙닭강정본범','강원 속초시 중앙로147번길 16','033-632-3511',110,0,'토/일','09:00~21:00',1,0,'16000','https://www.siksinhot.com/P/274077',104);
Insert into RESTAURANT (IDX,NAME,ADDRESS,RES_PHONE,CATEGORY,SCORE,HOLIDAY,OP_HOUR,PARK_AREA,VIEW_COUNT,PRICE,LINK,AREA_IDX) values (1502,'송도횟집','강원 속초시 중앙부두길 63','033-633-4727',102,0,'연중무휴','08:00~21:00',1,0,'20000~30000','https://www.siksinhot.com/P/20545',104);
Insert into RESTAURANT (IDX,NAME,ADDRESS,RES_PHONE,CATEGORY,SCORE,HOLIDAY,OP_HOUR,PARK_AREA,VIEW_COUNT,PRICE,LINK,AREA_IDX) values (1503,'최대섭대박김밥','강원 속초시 중앙시장로 50 영보국민주택 105호','033-633-8093',104,0,'수','11:00~19:00',2,0,'5500','https://www.siksinhot.com/P/480778',104);
Insert into RESTAURANT (IDX,NAME,ADDRESS,RES_PHONE,CATEGORY,SCORE,HOLIDAY,OP_HOUR,PARK_AREA,VIEW_COUNT,PRICE,LINK,AREA_IDX) values (1504,'초당순두부','강원 속초시 원암학사평길 104','033-635-6612',103,0,'연중무휴','07:00~19:00',1,0,'9000~20000','https://www.siksinhot.com/P/367042',104);
Insert into RESTAURANT (IDX,NAME,ADDRESS,RES_PHONE,CATEGORY,SCORE,HOLIDAY,OP_HOUR,PARK_AREA,VIEW_COUNT,PRICE,LINK,AREA_IDX) values (1505,'미가','강원 속초시 신흥2길 41','033-635-7999',103,0,'연중무휴','08:00~20:00',1,0,'7000~17000','https://www.siksinhot.com/P/482053',104);
Insert into RESTAURANT (IDX,NAME,ADDRESS,RES_PHONE,CATEGORY,SCORE,HOLIDAY,OP_HOUR,PARK_AREA,VIEW_COUNT,PRICE,LINK,AREA_IDX) values (1506,'속초항아리물회','강원 속초시 해오름로 137','033-635-4488',102,0,'연중무휴','09:30~21:00',1,0,'16000~22000','https://www.siksinhot.com/P/369461',104);
Insert into RESTAURANT (IDX,NAME,ADDRESS,RES_PHONE,CATEGORY,SCORE,HOLIDAY,OP_HOUR,PARK_AREA,VIEW_COUNT,PRICE,LINK,AREA_IDX) values (1507,'왕박골식당','강원 속초시 중앙로 431-1','033-632-5524',103,0,'화','09:30~19:00',1,0,'8000~9000','https://www.siksinhot.com/P/254212',104);
Insert into RESTAURANT (IDX,NAME,ADDRESS,RES_PHONE,CATEGORY,SCORE,HOLIDAY,OP_HOUR,PARK_AREA,VIEW_COUNT,PRICE,LINK,AREA_IDX) values (1508,'대포항소라엄마 튀김순대','강원 속초시 대포항길 9','0507-5798-0017',104,0,'연중무휴','09:00~22:00',2,0,'3000~10000','https://www.siksinhot.com/P/254117',104);
Insert into RESTAURANT (IDX,NAME,ADDRESS,RES_PHONE,CATEGORY,SCORE,HOLIDAY,OP_HOUR,PARK_AREA,VIEW_COUNT,PRICE,LINK,AREA_IDX) values (1509,'봉브레드','강원 속초시 동해대로 4344-1','033-633-4826',111,0,'목','08:30~20:00',1,0,'5700','https://www.siksinhot.com/P/369394',104);
Insert into RESTAURANT (IDX,NAME,ADDRESS,RES_PHONE,CATEGORY,SCORE,HOLIDAY,OP_HOUR,PARK_AREA,VIEW_COUNT,PRICE,LINK,AREA_IDX) values (1510,'진미막국수','강원 속초시 설악금강대교로 46-1','033-638-8294',103,0,'연중무휴','11:00~19:00',1,0,'8000','https://www.siksinhot.com/P/370627',104);
Insert into RESTAURANT (IDX,NAME,ADDRESS,RES_PHONE,CATEGORY,SCORE,HOLIDAY,OP_HOUR,PARK_AREA,VIEW_COUNT,PRICE,LINK,AREA_IDX) values (1511,'일출봉횟집','강원 속초시 대포동 940-6','033-635-2222',102,0,'연중무휴','10:30~22:00',1,0,'15000~20000','https://www.siksinhot.com/P/367040',104);
Insert into RESTAURANT (IDX,NAME,ADDRESS,RES_PHONE,CATEGORY,SCORE,HOLIDAY,OP_HOUR,PARK_AREA,VIEW_COUNT,PRICE,LINK,AREA_IDX) values (1512,'최옥락 할머니 순두부','강원 속초시 관광로 415','033-635-0322',103,0,'연중무휴','07:00~22:00',1,0,'10000~11000','https://www.siksinhot.com/P/367043',104);
Insert into RESTAURANT (IDX,NAME,ADDRESS,RES_PHONE,CATEGORY,SCORE,HOLIDAY,OP_HOUR,PARK_AREA,VIEW_COUNT,PRICE,LINK,AREA_IDX) values (1513,'조롱박','강원 속초시 수복로 107-2','033-632-4549',104,0,'일','10:00~20:00',1,0,'1200~4000','https://www.siksinhot.com/P/370631',104);
Insert into RESTAURANT (IDX,NAME,ADDRESS,RES_PHONE,CATEGORY,SCORE,HOLIDAY,OP_HOUR,PARK_AREA,VIEW_COUNT,PRICE,LINK,AREA_IDX) values (1514,'원조털보네토종닭','강원 속초시 청대마을길 100','033-636-3500',101,0,'월/목','10:00~21:30',1,0,'75000','https://www.siksinhot.com/P/367044',104);
Insert into RESTAURANT (IDX,NAME,ADDRESS,RES_PHONE,CATEGORY,SCORE,HOLIDAY,OP_HOUR,PARK_AREA,VIEW_COUNT,PRICE,LINK,AREA_IDX) values (1515,'영철네 생선구이 맛집','강원 속초시 청초호반로 330','033-637-3392',101,0,'연중무휴','09:00~20:00',1,0,'11000~20000','https://www.siksinhot.com/P/603261',104);
Insert into RESTAURANT (IDX,NAME,ADDRESS,RES_PHONE,CATEGORY,SCORE,HOLIDAY,OP_HOUR,PARK_AREA,VIEW_COUNT,PRICE,LINK,AREA_IDX) values (1516,'바람꽃해녀마을','강원 속초시 바람꽃마을길 37','033-638-5157',103,0,'수','08:30~20:00',1,0,'15000~20000','https://www.siksinhot.com/P/575398',104);
Insert into RESTAURANT (IDX,NAME,ADDRESS,RES_PHONE,CATEGORY,SCORE,HOLIDAY,OP_HOUR,PARK_AREA,VIEW_COUNT,PRICE,LINK,AREA_IDX) values (1517,'예스닭강정','강원 속초시 동해대로 4018-1','033-633-3525',104,0,'월','11:00~21:00',2,0,'15000~20000','https://www.siksinhot.com/P/368960',104);
Insert into RESTAURANT (IDX,NAME,ADDRESS,RES_PHONE,CATEGORY,SCORE,HOLIDAY,OP_HOUR,PARK_AREA,VIEW_COUNT,PRICE,LINK,AREA_IDX) values (1518,'타코이찌','강원 속초시 수복로201번길 1-6','033-635-0913',102,0,'연중무휴','11:00~22:00',1,0,'6500~13500','https://www.siksinhot.com/P/1172284',104);
Insert into RESTAURANT (IDX,NAME,ADDRESS,RES_PHONE,CATEGORY,SCORE,HOLIDAY,OP_HOUR,PARK_AREA,VIEW_COUNT,PRICE,LINK,AREA_IDX) values (1519,'금이야옥이야','강원 속초시 새마을길 53 금이야옥이야','033-632-5549',103,0,'월','08:00~18:00',2,0,'7000','https://www.siksinhot.com/P/1222648',104);
Insert into RESTAURANT (IDX,NAME,ADDRESS,RES_PHONE,CATEGORY,SCORE,HOLIDAY,OP_HOUR,PARK_AREA,VIEW_COUNT,PRICE,LINK,AREA_IDX) values (1520,'유진게찜','강원 속초시 영랑해안길 81','033-636-0410',102,0,'토/일','11:00~22:30',2,0,'16000','https://www.siksinhot.com/P/254150',104);
Insert into RESTAURANT (IDX,NAME,ADDRESS,RES_PHONE,CATEGORY,SCORE,HOLIDAY,OP_HOUR,PARK_AREA,VIEW_COUNT,PRICE,LINK,AREA_IDX) values (1521,'화반','강원 속초시 관광로 439','033-638-4001',103,0,'연중무휴','11:00~20:00',2,0,'15000~18000','https://www.siksinhot.com/P/344138',104);
Insert into RESTAURANT (IDX,NAME,ADDRESS,RES_PHONE,CATEGORY,SCORE,HOLIDAY,OP_HOUR,PARK_AREA,VIEW_COUNT,PRICE,LINK,AREA_IDX) values (1522,'시골이모순두부','강원 속초시 노학동 1015-1','033-635-0232',103,0,'토/일','07:00~19:30',2,0,'8000','https://www.siksinhot.com/P/254236',104);
Insert into RESTAURANT (IDX,NAME,ADDRESS,RES_PHONE,CATEGORY,SCORE,HOLIDAY,OP_HOUR,PARK_AREA,VIEW_COUNT,PRICE,LINK,AREA_IDX) values (1523,'원산면옥','강원 속초시 청학동 483-11','033-633-8838',103,0,'토/일','09:00~21:00',2,0,'7000','https://www.siksinhot.com/P/254240',104);
Insert into RESTAURANT (IDX,NAME,ADDRESS,RES_PHONE,CATEGORY,SCORE,HOLIDAY,OP_HOUR,PARK_AREA,VIEW_COUNT,PRICE,LINK,AREA_IDX) values (1524,'명태네 황태와 코다리강정','강원 속초시 중앙로147번길 16','033-635-0999',103,0,'토/일','09:00~19:00',2,0,'17000','https://www.siksinhot.com/P/342002',104);
Insert into RESTAURANT (IDX,NAME,ADDRESS,RES_PHONE,CATEGORY,SCORE,HOLIDAY,OP_HOUR,PARK_AREA,VIEW_COUNT,PRICE,LINK,AREA_IDX) values (1525,'소야동치미막국수','강원 속초시 조양동 1548-7','033-633-1228',103,0,'토/일','10:30~21:00',2,0,'6000','https://www.siksinhot.com/P/254231',104);
Insert into RESTAURANT (IDX,NAME,ADDRESS,RES_PHONE,CATEGORY,SCORE,HOLIDAY,OP_HOUR,PARK_AREA,VIEW_COUNT,PRICE,LINK,AREA_IDX) values (1526,'두메산골','강원 속초시 노학동 1006-125','033-635-2323',103,0,'주중','07:00~21:00',2,0,'8000~10000','https://www.siksinhot.com/P/254182',104);
Insert into RESTAURANT (IDX,NAME,ADDRESS,RES_PHONE,CATEGORY,SCORE,HOLIDAY,OP_HOUR,PARK_AREA,VIEW_COUNT,PRICE,LINK,AREA_IDX) values (1527,'속초진짜순대','강원 속초시 중앙로129번길 35-22','033-636-6012',103,0,'연중무휴','09:00~21:00',2,0,'17000~21000','https://www.siksinhot.com/P/254099',104);
Insert into RESTAURANT (IDX,NAME,ADDRESS,RES_PHONE,CATEGORY,SCORE,HOLIDAY,OP_HOUR,PARK_AREA,VIEW_COUNT,PRICE,LINK,AREA_IDX) values (1528,'대선횟집','강원 속초시 동명동 1-194','033-635-3364',102,0,'주중','09:30~23:00',2,0,'40000','https://www.siksinhot.com/P/254132',104);
Insert into RESTAURANT (IDX,NAME,ADDRESS,RES_PHONE,CATEGORY,SCORE,HOLIDAY,OP_HOUR,PARK_AREA,VIEW_COUNT,PRICE,LINK,AREA_IDX) values (1529,'진양횟집','강원 속초시 청초호반로 318','033-635-9999',102,0,'토/일','09:00~22:00',2,0,'15000','https://www.siksinhot.com/P/116002',104);
Insert into RESTAURANT (IDX,NAME,ADDRESS,RES_PHONE,CATEGORY,SCORE,HOLIDAY,OP_HOUR,PARK_AREA,VIEW_COUNT,PRICE,LINK,AREA_IDX) values (1530,'원조동해순대국','강원 속초시 중앙로129번길 35-17','033-633-1012',109,0,'연중무휴','07:00~21:00',1,0,'8000~10000','https://www.siksinhot.com/P/254220',104);
Insert into RESTAURANT (IDX,NAME,ADDRESS,RES_PHONE,CATEGORY,SCORE,HOLIDAY,OP_HOUR,PARK_AREA,VIEW_COUNT,PRICE,LINK,AREA_IDX) values (1531,'원주복추어탕','강원 원주시 치악로 1748','033-762-7989',109,0,'연중무휴','09:00~21:00',1,0,'10000~12000','https://www.siksinhot.com/P/273599',105);
Insert into RESTAURANT (IDX,NAME,ADDRESS,RES_PHONE,CATEGORY,SCORE,HOLIDAY,OP_HOUR,PARK_AREA,VIEW_COUNT,PRICE,LINK,AREA_IDX) values (1532,'원주칼국수','강원 원주시 중앙로 32','033-764-0941',103,0,'토/일','11:00~20:00',2,0,'6000','https://www.siksinhot.com/P/498405',105);
Insert into RESTAURANT (IDX,NAME,ADDRESS,RES_PHONE,CATEGORY,SCORE,HOLIDAY,OP_HOUR,PARK_AREA,VIEW_COUNT,PRICE,LINK,AREA_IDX) values (1533,'원주장진우식당','강원 원주시 감영길 28','0503-5798-2394',106,0,'토/일','12:00~22:00',2,0,'19000','https://www.siksinhot.com/P/1095968',105);
Insert into RESTAURANT (IDX,NAME,ADDRESS,RES_PHONE,CATEGORY,SCORE,HOLIDAY,OP_HOUR,PARK_AREA,VIEW_COUNT,PRICE,LINK,AREA_IDX) values (1534,'홍익돈까스 원주점','강원 원주시 행구로 305','033-734-4300',102,0,'연중무휴','11:30~21:30',1,0,'9500~11900','https://www.siksinhot.com/P/921294',105);
Insert into RESTAURANT (IDX,NAME,ADDRESS,RES_PHONE,CATEGORY,SCORE,HOLIDAY,OP_HOUR,PARK_AREA,VIEW_COUNT,PRICE,LINK,AREA_IDX) values (1535,'원주김치만두','강원 원주시 중앙시장길 31-2','033-745-3848',108,0,'토/일','07:00~20:00',2,0,'5000','https://www.siksinhot.com/P/498287',105);
Insert into RESTAURANT (IDX,NAME,ADDRESS,RES_PHONE,CATEGORY,SCORE,HOLIDAY,OP_HOUR,PARK_AREA,VIEW_COUNT,PRICE,LINK,AREA_IDX) values (1536,'스시노백쉐프 원주혁신점','강원 원주시 혁신로 37-1','033-733-5802',102,0,'토/일','11:30~22:00',2,0,'10000','https://www.siksinhot.com/P/581747',105);
Insert into RESTAURANT (IDX,NAME,ADDRESS,RES_PHONE,CATEGORY,SCORE,HOLIDAY,OP_HOUR,PARK_AREA,VIEW_COUNT,PRICE,LINK,AREA_IDX) values (1537,'원주뚝배기짬뽕','강원 원주시 봉바위길 41','033-744-3214',108,0,'연중무휴','11:00~21:00',2,0,'7000~9000','https://www.siksinhot.com/P/574135',105);
Insert into RESTAURANT (IDX,NAME,ADDRESS,RES_PHONE,CATEGORY,SCORE,HOLIDAY,OP_HOUR,PARK_AREA,VIEW_COUNT,PRICE,LINK,AREA_IDX) values (1538,'원주뼈대있는짬뽕','강원 원주시 봉산로 96-15','033-734-8252',108,0,'연중무휴','11:30~21:00',2,0,'9000','https://www.siksinhot.com/P/566168',105);
Insert into RESTAURANT (IDX,NAME,ADDRESS,RES_PHONE,CATEGORY,SCORE,HOLIDAY,OP_HOUR,PARK_AREA,VIEW_COUNT,PRICE,LINK,AREA_IDX) values (1539,'갈비토대왕 원주단구점','강원 원주시 남원로534번길 52','033-762-3636',109,0,'연중무휴','10:30~22:00',2,0,'13000','https://www.siksinhot.com/P/566265',105);
Insert into RESTAURANT (IDX,NAME,ADDRESS,RES_PHONE,CATEGORY,SCORE,HOLIDAY,OP_HOUR,PARK_AREA,VIEW_COUNT,PRICE,LINK,AREA_IDX) values (1540,'춘천통나무집 닭갈비','강원 춘천시 신북읍 신샘밭로 763','033-241-5999',101,0,'연중무휴','10:30~21:30',1,0,'7000~12000','https://www.siksinhot.com/P/253603',106);
Insert into RESTAURANT (IDX,NAME,ADDRESS,RES_PHONE,CATEGORY,SCORE,HOLIDAY,OP_HOUR,PARK_AREA,VIEW_COUNT,PRICE,LINK,AREA_IDX) values (1541,'탑골가든','강원 춘천시 남산면 김유정로 427-12','033-263-5291',101,0,'연중무휴','10:30~21:00',1,0,'13000','https://www.siksinhot.com/P/481113',106);
Insert into RESTAURANT (IDX,NAME,ADDRESS,RES_PHONE,CATEGORY,SCORE,HOLIDAY,OP_HOUR,PARK_AREA,VIEW_COUNT,PRICE,LINK,AREA_IDX) values (1542,'삼교리동치미막국수','강원 춘천시 동면 춘천순환로 822','033-242-9988',103,0,'토/일','11:00~20:00',1,0,'8000','https://www.siksinhot.com/P/324782',106);
Insert into RESTAURANT (IDX,NAME,ADDRESS,RES_PHONE,CATEGORY,SCORE,HOLIDAY,OP_HOUR,PARK_AREA,VIEW_COUNT,PRICE,LINK,AREA_IDX) values (1543,'남춘천호반닭갈비','강원 춘천시 충혼길5번길 5','033-255-9245',101,0,'토/일','10:00~22:00',2,0,'10000','https://www.siksinhot.com/P/360049',106);
Insert into RESTAURANT (IDX,NAME,ADDRESS,RES_PHONE,CATEGORY,SCORE,HOLIDAY,OP_HOUR,PARK_AREA,VIEW_COUNT,PRICE,LINK,AREA_IDX) values (1544,'북경관','강원 춘천시 근화동710-37','033-243-3001',108,0,'연중무휴','11:00~20:30',2,0,'6000~15000','https://www.siksinhot.com/P/327025',106);
Insert into RESTAURANT (IDX,NAME,ADDRESS,RES_PHONE,CATEGORY,SCORE,HOLIDAY,OP_HOUR,PARK_AREA,VIEW_COUNT,PRICE,LINK,AREA_IDX) values (1545,'화산해물찜','강원 춘천시 스포츠타운길 506','033-252-6464',103,0,'연중무휴','11:00~22:00',2,0,'34000','https://www.siksinhot.com/P/254610',106);
Insert into RESTAURANT (IDX,NAME,ADDRESS,RES_PHONE,CATEGORY,SCORE,HOLIDAY,OP_HOUR,PARK_AREA,VIEW_COUNT,PRICE,LINK,AREA_IDX) values (1546,'초막고갈두','강원 태백시 황지동 317','033-553-7388',101,0,'연중무휴','10:00~16:00',1,0,'7000~10000','https://www.siksinhot.com/P/266628',107);
Insert into RESTAURANT (IDX,NAME,ADDRESS,RES_PHONE,CATEGORY,SCORE,HOLIDAY,OP_HOUR,PARK_AREA,VIEW_COUNT,PRICE,LINK,AREA_IDX) values (1547,'태백한우골','강원 태백시 대학길 35','033-554-4599',101,0,'연중무휴','10:00~22:00',1,0,'32000','https://www.siksinhot.com/P/266661',107);
Insert into RESTAURANT (IDX,NAME,ADDRESS,RES_PHONE,CATEGORY,SCORE,HOLIDAY,OP_HOUR,PARK_AREA,VIEW_COUNT,PRICE,LINK,AREA_IDX) values (1548,'너와집','강원 태백시 고원로 35','033-553-4669',103,0,'연중무휴','11:00~20:30',1,0,'15000~20000','https://www.siksinhot.com/P/266631',107);
Insert into RESTAURANT (IDX,NAME,ADDRESS,RES_PHONE,CATEGORY,SCORE,HOLIDAY,OP_HOUR,PARK_AREA,VIEW_COUNT,PRICE,LINK,AREA_IDX) values (1549,'산골닭집','강원 태백시 문곡소도동 122','033-581-8988',101,0,'연중무휴','11:00~21:00',2,0,'45000','https://www.siksinhot.com/P/266635',107);
Insert into RESTAURANT (IDX,NAME,ADDRESS,RES_PHONE,CATEGORY,SCORE,HOLIDAY,OP_HOUR,PARK_AREA,VIEW_COUNT,PRICE,LINK,AREA_IDX) values (1550,'해운대암소갈비집','부산 해운대구 중동2로10번길 32-10','051-746-0033',101,0,'연중무휴','11:30-22:00',1,0,'50000-100000','www.해운대암소갈비.com',112);
Insert into RESTAURANT (IDX,NAME,ADDRESS,RES_PHONE,CATEGORY,SCORE,HOLIDAY,OP_HOUR,PARK_AREA,VIEW_COUNT,PRICE,LINK,AREA_IDX) values (1551,'속시원한대구탕','부산 해운대구 달맞이길 229 2층','051-747-1666',109,0,'연중무휴','08:00-19:30',1,0,'11000-',null,112);
Insert into RESTAURANT (IDX,NAME,ADDRESS,RES_PHONE,CATEGORY,SCORE,HOLIDAY,OP_HOUR,PARK_AREA,VIEW_COUNT,PRICE,LINK,AREA_IDX) values (1552,'옵스 해운대점','부산 해운대구 중동1로 31','051-747-6886',111,0,'연중무휴','08:00-22:00',2,0,'2000-20000','http://ops.co.kr/',112);
Insert into RESTAURANT (IDX,NAME,ADDRESS,RES_PHONE,CATEGORY,SCORE,HOLIDAY,OP_HOUR,PARK_AREA,VIEW_COUNT,PRICE,LINK,AREA_IDX) values (1553,'금수복국 해운대점','부산 해운대구 중동1로43번길 23','051-742-3600',109,0,'연중무휴','00:00-00:00',1,0,'12000-45000','http://ksbog.fordining.kr/',112);
Insert into RESTAURANT (IDX,NAME,ADDRESS,RES_PHONE,CATEGORY,SCORE,HOLIDAY,OP_HOUR,PARK_AREA,VIEW_COUNT,PRICE,LINK,AREA_IDX) values (1554,'해성막창집','부산 해운대구 중동1로19번길 29','051-731-3113',101,0,'연중무휴','16:30-02:00',2,0,'10000-50000',null,112);
Insert into RESTAURANT (IDX,NAME,ADDRESS,RES_PHONE,CATEGORY,SCORE,HOLIDAY,OP_HOUR,PARK_AREA,VIEW_COUNT,PRICE,LINK,AREA_IDX) values (1555,'밀양순대돼지국밥 부산본점','부산 해운대구 구남로 28','051-731-7005',109,0,'연중무휴','00:00-00:00',1,0,'8500-35000',null,112);
Insert into RESTAURANT (IDX,NAME,ADDRESS,RES_PHONE,CATEGORY,SCORE,HOLIDAY,OP_HOUR,PARK_AREA,VIEW_COUNT,PRICE,LINK,AREA_IDX) values (1556,'이름난기장산곰장어','부산 해운대구 구남로41번길 42','051-742-8201',101,0,'연중무휴','격주 화 15:00-02:00',2,0,'22000-55000',null,112);
Insert into RESTAURANT (IDX,NAME,ADDRESS,RES_PHONE,CATEGORY,SCORE,HOLIDAY,OP_HOUR,PARK_AREA,VIEW_COUNT,PRICE,LINK,AREA_IDX) values (1557,'미포할매복국','부산 해운대구 달맞이길62번길 27-1','051-741-4114',109,0,'연중무휴','00:00-00:00',1,0,'11000-35000',null,112);
Insert into RESTAURANT (IDX,NAME,ADDRESS,RES_PHONE,CATEGORY,SCORE,HOLIDAY,OP_HOUR,PARK_AREA,VIEW_COUNT,PRICE,LINK,AREA_IDX) values (1558,'거대갈비','부산 해운대구 달맞이길 22','051-746-0037',101,0,'연중무휴','11:30-21:00',1,0,'55000-70000',null,112);
Insert into RESTAURANT (IDX,NAME,ADDRESS,RES_PHONE,CATEGORY,SCORE,HOLIDAY,OP_HOUR,PARK_AREA,VIEW_COUNT,PRICE,LINK,AREA_IDX) values (1559,'동백섬횟집','부산 해운대구 해운대해변로209번나길 17','051-741-3888',102,0,'연중무휴','12:00-22:00',1,0,'15000-50000',null,112);
Insert into RESTAURANT (IDX,NAME,ADDRESS,RES_PHONE,CATEGORY,SCORE,HOLIDAY,OP_HOUR,PARK_AREA,VIEW_COUNT,PRICE,LINK,AREA_IDX) values (1560,'아웃트로바이비토','부산 해운대구 우동1로38번가길 25-8','051-758-7123',106,0,'연중무휴','월, 화 12:00-21:30',2,0,'20000-20000','https://linktr.ee/vito2011',112);
Insert into RESTAURANT (IDX,NAME,ADDRESS,RES_PHONE,CATEGORY,SCORE,HOLIDAY,OP_HOUR,PARK_AREA,VIEW_COUNT,PRICE,LINK,AREA_IDX) values (1561,'형제전통돼지국밥','부산 해운대구 구남로 39','051-746-9071',109,0,'연중무휴','06:00-20:00',2,0,'7000-7500',null,112);
Insert into RESTAURANT (IDX,NAME,ADDRESS,RES_PHONE,CATEGORY,SCORE,HOLIDAY,OP_HOUR,PARK_AREA,VIEW_COUNT,PRICE,LINK,AREA_IDX) values (1562,'사까에 파라다이스 부산','부산 해운대구 해운대해변로 296 파라다이스호텔부산 본관 3층','051-749-2248',102,0,'연중무휴','12:00-21:30',1,0,'20000-190000','https://www.busanparadisehotel.co.kr/front',112);
Insert into RESTAURANT (IDX,NAME,ADDRESS,RES_PHONE,CATEGORY,SCORE,HOLIDAY,OP_HOUR,PARK_AREA,VIEW_COUNT,PRICE,LINK,AREA_IDX) values (1563,'아오모리','부산 해운대구 센텀3로 20 벡스코비지니스호텔','051-720-8200',102,0,'연중무휴','월 12:00-22:00',1,0,'35000-130000',null,112);
Insert into RESTAURANT (IDX,NAME,ADDRESS,RES_PHONE,CATEGORY,SCORE,HOLIDAY,OP_HOUR,PARK_AREA,VIEW_COUNT,PRICE,LINK,AREA_IDX) values (1564,'예이제','부산 해운대구 해운대해변로298번길 29 푸르지오시티 2층','051-731-1100',101,0,'연중무휴','12:00-21:20',1,0,'16000-150000','https://yeije.modoo.at',112);
Insert into RESTAURANT (IDX,NAME,ADDRESS,RES_PHONE,CATEGORY,SCORE,HOLIDAY,OP_HOUR,PARK_AREA,VIEW_COUNT,PRICE,LINK,AREA_IDX) values (1565,'젠스시','부산 해운대구 대천로42번길 28-5','051-746-7456',102,0,'연중무휴','화 18:00-22:00',1,0,'150000-150000',null,112);
Insert into RESTAURANT (IDX,NAME,ADDRESS,RES_PHONE,CATEGORY,SCORE,HOLIDAY,OP_HOUR,PARK_AREA,VIEW_COUNT,PRICE,LINK,AREA_IDX) values (1566,'부다면옥','부산 해운대구 중동1로 36 2층','051-746-8872',103,0,'연중무휴','월 11:00-19:30',1,0,'10000-45000',null,112);
Insert into RESTAURANT (IDX,NAME,ADDRESS,RES_PHONE,CATEGORY,SCORE,HOLIDAY,OP_HOUR,PARK_AREA,VIEW_COUNT,PRICE,LINK,AREA_IDX) values (1567,'88간바지','부산 해운대구 해운대로3번길 14','051-781-9641',101,0,'연중무휴','10:00-22:00',2,0,'21000-30000',null,112);
Insert into RESTAURANT (IDX,NAME,ADDRESS,RES_PHONE,CATEGORY,SCORE,HOLIDAY,OP_HOUR,PARK_AREA,VIEW_COUNT,PRICE,LINK,AREA_IDX) values (1568,'키친동백','부산 해운대구 달맞이길117번가길 85','051-731-0022',106,0,'연중무휴','월 11:00-22:00',1,0,'42000-89000','http://www.instagram.com/kitchendongbaek',112);
Insert into RESTAURANT (IDX,NAME,ADDRESS,RES_PHONE,CATEGORY,SCORE,HOLIDAY,OP_HOUR,PARK_AREA,VIEW_COUNT,PRICE,LINK,AREA_IDX) values (1569,'라꽁띠','부산 해운대구 청사포로 85','051-701-7890',106,0,'연중무휴','화 12:00-22:00',1,0,'18000-100000','http://blog.naver.com/la_conti',112);
Insert into RESTAURANT (IDX,NAME,ADDRESS,RES_PHONE,CATEGORY,SCORE,HOLIDAY,OP_HOUR,PARK_AREA,VIEW_COUNT,PRICE,LINK,AREA_IDX) values (1570,'해운대 기와집대구탕','부산 해운대구 달맞이길104번길 46','051-731-5020',109,0,'연중무휴','08:00-21:00',1,0,'14000-14000',null,112);
Insert into RESTAURANT (IDX,NAME,ADDRESS,RES_PHONE,CATEGORY,SCORE,HOLIDAY,OP_HOUR,PARK_AREA,VIEW_COUNT,PRICE,LINK,AREA_IDX) values (1571,'까사 부사노 해운대점','부산 해운대구 구남로 17-1 1층','0507-1321-6349',111,0,'연중무휴','08:30-03:00',2,0,'3000-14500','http://www.casabusano.com/',112);
Insert into RESTAURANT (IDX,NAME,ADDRESS,RES_PHONE,CATEGORY,SCORE,HOLIDAY,OP_HOUR,PARK_AREA,VIEW_COUNT,PRICE,LINK,AREA_IDX) values (1572,'로우앤스윗','부산 해운대구 우동1로38번가길 1','010-6717-2988',111,0,'연중무휴','09:00-20:00',2,0,'5000-4800','http://instagram.com/raw.and.sweet',112);
Insert into RESTAURANT (IDX,NAME,ADDRESS,RES_PHONE,CATEGORY,SCORE,HOLIDAY,OP_HOUR,PARK_AREA,VIEW_COUNT,PRICE,LINK,AREA_IDX) values (1573,'듀플릿','부산 해운대구 우동1로20번길 27-13 1층','051-746-2876',111,0,'연중무휴','09:00-22:00',1,0,'5000-17000','https://duplit.kr/',112);
Insert into RESTAURANT (IDX,NAME,ADDRESS,RES_PHONE,CATEGORY,SCORE,HOLIDAY,OP_HOUR,PARK_AREA,VIEW_COUNT,PRICE,LINK,AREA_IDX) values (1574,'카페CCD 해리단길점','부산 해운대구 우동1로38번가길 7-1 1층','051-910-9707',111,0,'연중무휴','11:00-21:00',2,0,'4800-5800',null,112);
Insert into RESTAURANT (IDX,NAME,ADDRESS,RES_PHONE,CATEGORY,SCORE,HOLIDAY,OP_HOUR,PARK_AREA,VIEW_COUNT,PRICE,LINK,AREA_IDX) values (1575,'개금밀면','부산 부산진구 가야공원로14번길 88-8 원조개금밀면','051-892-3466',103,0,'연중무휴','11:00-19:40',2,0,'7500-10500',null,108);
Insert into RESTAURANT (IDX,NAME,ADDRESS,RES_PHONE,CATEGORY,SCORE,HOLIDAY,OP_HOUR,PARK_AREA,VIEW_COUNT,PRICE,LINK,AREA_IDX) values (1576,'오스테리아 라치베타','부산 부산진구 가야대로784번길 46-6','051-819-6190',106,0,'연중무휴','11:30-22:00',2,0,'13000-18000',null,108);
Insert into RESTAURANT (IDX,NAME,ADDRESS,RES_PHONE,CATEGORY,SCORE,HOLIDAY,OP_HOUR,PARK_AREA,VIEW_COUNT,PRICE,LINK,AREA_IDX) values (1577,'샬롯','부산 부산진구 서전로37번길 20','051-806-0806',111,0,'연중무휴','12:00-22:00',2,0,'4500-8000',null,108);
Insert into RESTAURANT (IDX,NAME,ADDRESS,RES_PHONE,CATEGORY,SCORE,HOLIDAY,OP_HOUR,PARK_AREA,VIEW_COUNT,PRICE,LINK,AREA_IDX) values (1578,'친치쿠린','부산 부산진구 중앙대로691번가길 18','0507-1402-2434',102,0,'연중무휴','11:30-24:00',2,0,'7000-8500','www.instagram.com/chinchikurin_ramen/',108);
Insert into RESTAURANT (IDX,NAME,ADDRESS,RES_PHONE,CATEGORY,SCORE,HOLIDAY,OP_HOUR,PARK_AREA,VIEW_COUNT,PRICE,LINK,AREA_IDX) values (1579,'훈혁','부산 부산진구 서전로10번길 39 구도로통닭 2,3층','070-4001-2016',105,0,'연중무휴','18:00-04:00',2,0,'16000-28000',null,108);
Insert into RESTAURANT (IDX,NAME,ADDRESS,RES_PHONE,CATEGORY,SCORE,HOLIDAY,OP_HOUR,PARK_AREA,VIEW_COUNT,PRICE,LINK,AREA_IDX) values (1580,'칸다소바','부산 부산진구 동천로 105 1층 칸다소바','0507-1366-1662',102,0,'연중무휴','11:30-21:30',2,0,'10000-12000',null,108);
Insert into RESTAURANT (IDX,NAME,ADDRESS,RES_PHONE,CATEGORY,SCORE,HOLIDAY,OP_HOUR,PARK_AREA,VIEW_COUNT,PRICE,LINK,AREA_IDX) values (1581,'두툼연어','부산 부산진구 동천로85번길 11 1층','051-802-4197',102,0,'연중무휴','월 17:00-02:00',2,0,'18000-20000','https://www.facebook.com/dutumsalmon/',108);
Insert into RESTAURANT (IDX,NAME,ADDRESS,RES_PHONE,CATEGORY,SCORE,HOLIDAY,OP_HOUR,PARK_AREA,VIEW_COUNT,PRICE,LINK,AREA_IDX) values (1582,'한끼맛있다 서면점','부산 부산진구 중앙대로692번길 49','051-802-6094',106,0,'연중무휴','11:30-22:30',2,0,'8000-28000','http://www.hankikor.com',108);
Insert into RESTAURANT (IDX,NAME,ADDRESS,RES_PHONE,CATEGORY,SCORE,HOLIDAY,OP_HOUR,PARK_AREA,VIEW_COUNT,PRICE,LINK,AREA_IDX) values (1583,'동백아가씨1961','부산 부산진구 서전로37번길 18 동백아가씨1961','070-7612-1961',104,0,'연중무휴','월 11:30-21:00',2,0,'14500-16500','https://www.instagram.com/dongbaek_1961',108);
Insert into RESTAURANT (IDX,NAME,ADDRESS,RES_PHONE,CATEGORY,SCORE,HOLIDAY,OP_HOUR,PARK_AREA,VIEW_COUNT,PRICE,LINK,AREA_IDX) values (1584,'노르웨이식당','부산 부산진구 동천로 117 2층','0507-1431-2023',106,0,'연중무휴','일 11:30-20:30',2,0,'5000-12000','https://www.instagram.com/norway_sikdang',108);
Insert into RESTAURANT (IDX,NAME,ADDRESS,RES_PHONE,CATEGORY,SCORE,HOLIDAY,OP_HOUR,PARK_AREA,VIEW_COUNT,PRICE,LINK,AREA_IDX) values (1691,'나정순할매쭈꾸미','서울 동대문구 무학로 144','02-928-0231',103,0,'연중무휴','11:30-21:30',2,0,'15000',null,114);
Insert into RESTAURANT (IDX,NAME,ADDRESS,RES_PHONE,CATEGORY,SCORE,HOLIDAY,OP_HOUR,PARK_AREA,VIEW_COUNT,PRICE,LINK,AREA_IDX) values (1692,'영화장','서울 동대문구 휘경로 3-8','02-967-9595',108,0,'연중무휴','11:30-21:00',2,0,'12000',null,114);
Insert into RESTAURANT (IDX,NAME,ADDRESS,RES_PHONE,CATEGORY,SCORE,HOLIDAY,OP_HOUR,PARK_AREA,VIEW_COUNT,PRICE,LINK,AREA_IDX) values (1693,'장수식당','서울 동대문구 망우로20길 16 1층 장수보리밥','0507-1322-0649',103,0,'연중무휴','11:00-20:30',1,0,'11000',null,114);
Insert into RESTAURANT (IDX,NAME,ADDRESS,RES_PHONE,CATEGORY,SCORE,HOLIDAY,OP_HOUR,PARK_AREA,VIEW_COUNT,PRICE,LINK,AREA_IDX) values (1694,'READSTREET COFFEE','서울 동대문구 회기로 166 KB빌딩 리드스트리트 커피','02-959-1988',111,0,'연중무휴','10:00-23:00',2,0,'4500',null,114);
Insert into RESTAURANT (IDX,NAME,ADDRESS,RES_PHONE,CATEGORY,SCORE,HOLIDAY,OP_HOUR,PARK_AREA,VIEW_COUNT,PRICE,LINK,AREA_IDX) values (1695,'경통연탄돼지갈비','서울 동대문구 약령서1길 34','0507-1347-3373',101,0,'연중무휴','11:00-21:30',2,0,'15000',null,114);
Insert into RESTAURANT (IDX,NAME,ADDRESS,RES_PHONE,CATEGORY,SCORE,HOLIDAY,OP_HOUR,PARK_AREA,VIEW_COUNT,PRICE,LINK,AREA_IDX) values (1696,'은하곱창','서울 동대문구 전농로15길 22 은하곱창','0507-1403-0262',101,0,'연중무휴','11:00-20:00',2,0,'30000',null,114);
Insert into RESTAURANT (IDX,NAME,ADDRESS,RES_PHONE,CATEGORY,SCORE,HOLIDAY,OP_HOUR,PARK_AREA,VIEW_COUNT,PRICE,LINK,AREA_IDX) values (1697,'스타벅스 경동1960점','서울 동대문구 고산자로36길 3 신관 지하1층','없음',111,0,'연중무휴','9:00-22:00',2,0,'6300','http://www.starbucks.co.kr/',114);
Insert into RESTAURANT (IDX,NAME,ADDRESS,RES_PHONE,CATEGORY,SCORE,HOLIDAY,OP_HOUR,PARK_AREA,VIEW_COUNT,PRICE,LINK,AREA_IDX) values (1698,'일미간장게장','서울 동대문구 장한로24길 7','02-2242-4338',109,0,'연중무휴','00:00-24:00',1,0,'75000','http://www.ilmicrab.co.kr/',114);
Insert into RESTAURANT (IDX,NAME,ADDRESS,RES_PHONE,CATEGORY,SCORE,HOLIDAY,OP_HOUR,PARK_AREA,VIEW_COUNT,PRICE,LINK,AREA_IDX) values (1699,'혜성칼국수','서울 동대문구 왕산로 247-1','02-967-6918',103,0,'월','10:30-20:00',2,0,'9000',null,114);
Insert into RESTAURANT (IDX,NAME,ADDRESS,RES_PHONE,CATEGORY,SCORE,HOLIDAY,OP_HOUR,PARK_AREA,VIEW_COUNT,PRICE,LINK,AREA_IDX) values (1700,'한옥정','서울 동대문구 답십리로 146-4','02-2249-1082',101,0,'일','11:00-22:00',2,0,'12000','http://blog.naver.com/film1945',114);
Insert into RESTAURANT (IDX,NAME,ADDRESS,RES_PHONE,CATEGORY,SCORE,HOLIDAY,OP_HOUR,PARK_AREA,VIEW_COUNT,PRICE,LINK,AREA_IDX) values (1701,'BK볏집 우대갈비 장안동본점','서울 동대문구 장한로26가길 29 1층 BK볏짚 우대갈비 장안동본점','02-2244-0092',101,0,'연중무휴','11:30-24:00',2,0,'32000',null,114);
Insert into RESTAURANT (IDX,NAME,ADDRESS,RES_PHONE,CATEGORY,SCORE,HOLIDAY,OP_HOUR,PARK_AREA,VIEW_COUNT,PRICE,LINK,AREA_IDX) values (1702,'레알라면','서울 동대문구 회기로25길 23-5 1층 레알라면','0507-1311-4208',104,0,'수','11:00-21:00',2,0,'6000','https://youtu.be/nZWEEiSfkpQ',114);
Insert into RESTAURANT (IDX,NAME,ADDRESS,RES_PHONE,CATEGORY,SCORE,HOLIDAY,OP_HOUR,PARK_AREA,VIEW_COUNT,PRICE,LINK,AREA_IDX) values (1703,'도원','서울 동대문구 왕산로3길 12-1 1층','0507-1345-7866',101,0,'일','16:00-23:00',1,0,'16000','https://dowonfood1.modoo.at',114);
Insert into RESTAURANT (IDX,NAME,ADDRESS,RES_PHONE,CATEGORY,SCORE,HOLIDAY,OP_HOUR,PARK_AREA,VIEW_COUNT,PRICE,LINK,AREA_IDX) values (1704,'영동교집 장안직영점','서울 동대문구 천호대로83길 32','02-3394-5882',101,0,'연중무휴','11:00-24:00',1,0,'16000',null,114);
Insert into RESTAURANT (IDX,NAME,ADDRESS,RES_PHONE,CATEGORY,SCORE,HOLIDAY,OP_HOUR,PARK_AREA,VIEW_COUNT,PRICE,LINK,AREA_IDX) values (1705,'성천 막국수','서울 동대문구 답십리로48나길 2','0507-1329-5529',103,0,'일','11:30-17:00',2,0,'13000',null,114);
Insert into RESTAURANT (IDX,NAME,ADDRESS,RES_PHONE,CATEGORY,SCORE,HOLIDAY,OP_HOUR,PARK_AREA,VIEW_COUNT,PRICE,LINK,AREA_IDX) values (1706,'거복이식당','서울 동대문구 경희대로3길 6','0507-1373-1559',101,0,'연중무휴','12:40-23:00',1,0,'35000','http://www.instagram.com/geobokye_sikdang',114);
Insert into RESTAURANT (IDX,NAME,ADDRESS,RES_PHONE,CATEGORY,SCORE,HOLIDAY,OP_HOUR,PARK_AREA,VIEW_COUNT,PRICE,LINK,AREA_IDX) values (1707,'섬마을횟집','서울 동대문구 홍릉로5길 8','02-962-3766',102,0,'수','11:00-21:30',2,0,'30000',null,114);
Insert into RESTAURANT (IDX,NAME,ADDRESS,RES_PHONE,CATEGORY,SCORE,HOLIDAY,OP_HOUR,PARK_AREA,VIEW_COUNT,PRICE,LINK,AREA_IDX) values (1708,'전농곱창싱','서울 동대문구 전농로14길 14','02-2248-6191',101,0,'일','11:00-22:00',2,0,'30000','http://www.foodsidae.com/junnong',114);
Insert into RESTAURANT (IDX,NAME,ADDRESS,RES_PHONE,CATEGORY,SCORE,HOLIDAY,OP_HOUR,PARK_AREA,VIEW_COUNT,PRICE,LINK,AREA_IDX) values (1709,'여기가좋겠네','서울 동대문구 회기로21길 25 1층','02-968-9112',110,0,'연중무휴','10:00-24:00',2,0,'13000','https://youtu.be/1nFKr8h0sxs',114);
Insert into RESTAURANT (IDX,NAME,ADDRESS,RES_PHONE,CATEGORY,SCORE,HOLIDAY,OP_HOUR,PARK_AREA,VIEW_COUNT,PRICE,LINK,AREA_IDX) values (1710,'스파카 나폴리','서울 마포구 합정동 413-2','02-326-2323',112,0,'연중무휴','월, 화 11:30-21:30',2,0,'15000-29500',null,115);
Insert into RESTAURANT (IDX,NAME,ADDRESS,RES_PHONE,CATEGORY,SCORE,HOLIDAY,OP_HOUR,PARK_AREA,VIEW_COUNT,PRICE,LINK,AREA_IDX) values (1711,'웨스트빌 112','서울시 마포구 합정동 438-4','0507-1343-2370',112,0,'연중무휴','월 11:30-22:00',2,0,'21800-24800',null,115);
Insert into RESTAURANT (IDX,NAME,ADDRESS,RES_PHONE,CATEGORY,SCORE,HOLIDAY,OP_HOUR,PARK_AREA,VIEW_COUNT,PRICE,LINK,AREA_IDX) values (1712,'더112보이즈 합정본점','서울 마포구 서교동 402-5 2층','02-322-9896',112,0,'연중무휴','12:00-21:30',2,0,'22000-28000',null,115);
Insert into RESTAURANT (IDX,NAME,ADDRESS,RES_PHONE,CATEGORY,SCORE,HOLIDAY,OP_HOUR,PARK_AREA,VIEW_COUNT,PRICE,LINK,AREA_IDX) values (1713,'맛이차이나','서울 마포구 상수동 321-1 2층','010-9822-2653',108,0,'연중무휴','11:30-22:00',1,0,'8000-60000',null,115);
Insert into RESTAURANT (IDX,NAME,ADDRESS,RES_PHONE,CATEGORY,SCORE,HOLIDAY,OP_HOUR,PARK_AREA,VIEW_COUNT,PRICE,LINK,AREA_IDX) values (1714,'연교','서울 마포구 연남동 383-95 1층','010-5882-5112',108,0,'연중무휴','수 11:30-21:30',2,0,'7000-12000',null,115);
Insert into RESTAURANT (IDX,NAME,ADDRESS,RES_PHONE,CATEGORY,SCORE,HOLIDAY,OP_HOUR,PARK_AREA,VIEW_COUNT,PRICE,LINK,AREA_IDX) values (1715,'복성각','서울 마포구 도화동 173','02-703-3700',108,0,'연중무휴','11:00-22:00',1,0,'7000-30000',null,115);
Insert into RESTAURANT (IDX,NAME,ADDRESS,RES_PHONE,CATEGORY,SCORE,HOLIDAY,OP_HOUR,PARK_AREA,VIEW_COUNT,PRICE,LINK,AREA_IDX) values (1716,'윤씨밀방','서울 마포구 서교동 411-6','02-3143-4116',106,0,'연중무휴','월, 화 11:30-21:00',2,0,'10000-12500',null,115);
Insert into RESTAURANT (IDX,NAME,ADDRESS,RES_PHONE,CATEGORY,SCORE,HOLIDAY,OP_HOUR,PARK_AREA,VIEW_COUNT,PRICE,LINK,AREA_IDX) values (1717,'프리모 바치오바치','서울 마포구 서교동 346-47 2층','02-323-0098',106,0,'연중무휴','11:00-23:00',2,0,'6000-20000',null,115);
Insert into RESTAURANT (IDX,NAME,ADDRESS,RES_PHONE,CATEGORY,SCORE,HOLIDAY,OP_HOUR,PARK_AREA,VIEW_COUNT,PRICE,LINK,AREA_IDX) values (1718,'문','서울 마포구 연남동 385-12','0507-1333-5097',106,0,'연중무휴','12:00-22:00',2,0,'12000-22000',null,115);
Insert into RESTAURANT (IDX,NAME,ADDRESS,RES_PHONE,CATEGORY,SCORE,HOLIDAY,OP_HOUR,PARK_AREA,VIEW_COUNT,PRICE,LINK,AREA_IDX) values (1719,'토마 연남점','서울 마포구 연남동 568-26','0507-1329-8064',106,0,'연중무휴','11:30-21:30',2,0,'5000-18000',null,115);
Insert into RESTAURANT (IDX,NAME,ADDRESS,RES_PHONE,CATEGORY,SCORE,HOLIDAY,OP_HOUR,PARK_AREA,VIEW_COUNT,PRICE,LINK,AREA_IDX) values (1720,'파스치노팬스테이크','서울 마포구 서교동 358-8','02-322-8575',106,0,'연중무휴','11:00-22:00',1,0,'8500-16000',null,115);
Insert into RESTAURANT (IDX,NAME,ADDRESS,RES_PHONE,CATEGORY,SCORE,HOLIDAY,OP_HOUR,PARK_AREA,VIEW_COUNT,PRICE,LINK,AREA_IDX) values (1721,'광야','서울 마포구 동교동 198-5','0507-1318-1486',106,0,'연중무휴','11:30-22:00',2,0,'17000-75000',null,115);
Insert into RESTAURANT (IDX,NAME,ADDRESS,RES_PHONE,CATEGORY,SCORE,HOLIDAY,OP_HOUR,PARK_AREA,VIEW_COUNT,PRICE,LINK,AREA_IDX) values (1722,'테일러커피 연남1호점','서울 마포구 연남동 224-41','02-326-0355',111,0,'연중무휴','10:00-22:00',2,0,'5000-7500',null,115);
Insert into RESTAURANT (IDX,NAME,ADDRESS,RES_PHONE,CATEGORY,SCORE,HOLIDAY,OP_HOUR,PARK_AREA,VIEW_COUNT,PRICE,LINK,AREA_IDX) values (1723,'콜린','서울 마포구 서교동 403-13','0507-1335-1119',111,0,'연중무휴','10:30-23:00',2,0,'6200-6200',null,115);
Insert into RESTAURANT (IDX,NAME,ADDRESS,RES_PHONE,CATEGORY,SCORE,HOLIDAY,OP_HOUR,PARK_AREA,VIEW_COUNT,PRICE,LINK,AREA_IDX) values (1724,'그레고리','서울 마포구 합정동 410-11','02-322-9579',111,0,'연중무휴','13:30-23:30',2,0,'5500-11200',null,115);
Insert into RESTAURANT (IDX,NAME,ADDRESS,RES_PHONE,CATEGORY,SCORE,HOLIDAY,OP_HOUR,PARK_AREA,VIEW_COUNT,PRICE,LINK,AREA_IDX) values (1725,'작당모의','서울 마포구 연남동 381-15','070-8838-3815',111,0,'연중무휴','12:00-21:00',2,0,'5800-12000',null,115);
Insert into RESTAURANT (IDX,NAME,ADDRESS,RES_PHONE,CATEGORY,SCORE,HOLIDAY,OP_HOUR,PARK_AREA,VIEW_COUNT,PRICE,LINK,AREA_IDX) values (1726,'딥블루레이크','서울 마포구 망원동 411-12','02-333-8532',111,0,'연중무휴','10:00-21:30',2,0,'5000-7000',null,115);
Insert into RESTAURANT (IDX,NAME,ADDRESS,RES_PHONE,CATEGORY,SCORE,HOLIDAY,OP_HOUR,PARK_AREA,VIEW_COUNT,PRICE,LINK,AREA_IDX) values (1727,'앤트러사이트 서교점','서울 마포구 서교동 475-22','0507-1384-7650',111,0,'연중무휴','09:00-22:00',2,0,'7000-9000',null,115);
Insert into RESTAURANT (IDX,NAME,ADDRESS,RES_PHONE,CATEGORY,SCORE,HOLIDAY,OP_HOUR,PARK_AREA,VIEW_COUNT,PRICE,LINK,AREA_IDX) values (1728,'야키토리 묵','서울 마포구 연남동 223-102','0507-1405-2840',102,0,'연중무휴','17:00-23:00',2,0,'4000-25000',null,115);
Insert into RESTAURANT (IDX,NAME,ADDRESS,RES_PHONE,CATEGORY,SCORE,HOLIDAY,OP_HOUR,PARK_AREA,VIEW_COUNT,PRICE,LINK,AREA_IDX) values (1729,'최강금돈까스','서울 마포구 합정동 388-15','0507-1328-3646',102,0,'연중무휴','11:00-21:00',2,0,'5000-22000',null,115);
Insert into RESTAURANT (IDX,NAME,ADDRESS,RES_PHONE,CATEGORY,SCORE,HOLIDAY,OP_HOUR,PARK_AREA,VIEW_COUNT,PRICE,LINK,AREA_IDX) values (1730,'한강껍데기','서울 마포구 망원동 416-33','02-6083-3733',101,0,'연중무휴','16:00-02:00',2,0,'5000-20000',null,115);
Insert into RESTAURANT (IDX,NAME,ADDRESS,RES_PHONE,CATEGORY,SCORE,HOLIDAY,OP_HOUR,PARK_AREA,VIEW_COUNT,PRICE,LINK,AREA_IDX) values (1731,'행진','서울 마포구 합정동 427-5','010-8907-9216',101,0,'연중무휴','12:00-00:00',2,0,'7000-29000',null,115);
Insert into RESTAURANT (IDX,NAME,ADDRESS,RES_PHONE,CATEGORY,SCORE,HOLIDAY,OP_HOUR,PARK_AREA,VIEW_COUNT,PRICE,LINK,AREA_IDX) values (1732,'부산갈매기','서울시 마포구 도화동 194-18','02-718-5462',101,0,'연중무휴','12:00-22:50',2,0,'10000-17000',null,115);
Insert into RESTAURANT (IDX,NAME,ADDRESS,RES_PHONE,CATEGORY,SCORE,HOLIDAY,OP_HOUR,PARK_AREA,VIEW_COUNT,PRICE,LINK,AREA_IDX) values (1733,'미도인 홍대','서울 마포구 서교동 366-24','02-336-5097',102,0,'연중무휴','11:30-21:00',2,0,'4800-24800',null,115);
Insert into RESTAURANT (IDX,NAME,ADDRESS,RES_PHONE,CATEGORY,SCORE,HOLIDAY,OP_HOUR,PARK_AREA,VIEW_COUNT,PRICE,LINK,AREA_IDX) values (1734,'마코토','서울 마포구 서교동 358-89','0507-1329-8310',102,0,'연중무휴','11:00-20:30',2,0,'9500-21000',null,115);
Insert into RESTAURANT (IDX,NAME,ADDRESS,RES_PHONE,CATEGORY,SCORE,HOLIDAY,OP_HOUR,PARK_AREA,VIEW_COUNT,PRICE,LINK,AREA_IDX) values (1735,'바다회사랑 연남본점','서울 마포구 연남동 566-8','02-338-0872',102,0,'연중무휴','14:00-00:00',2,0,'20000-70000',null,115);
Insert into RESTAURANT (IDX,NAME,ADDRESS,RES_PHONE,CATEGORY,SCORE,HOLIDAY,OP_HOUR,PARK_AREA,VIEW_COUNT,PRICE,LINK,AREA_IDX) values (1736,'웰빙김치찜','서울 마포구 공덕동 256-5','02-711-1430',103,0,'연중무휴','11:00-22:00',2,0,'9000-11000',null,115);
Insert into RESTAURANT (IDX,NAME,ADDRESS,RES_PHONE,CATEGORY,SCORE,HOLIDAY,OP_HOUR,PARK_AREA,VIEW_COUNT,PRICE,LINK,AREA_IDX) values (1737,'곤밥','서울 마포구 상수동 339-9','02-336-5157',103,0,'연중무휴','16:00-24:00',2,0,'6000-50000',null,115);
Insert into RESTAURANT (IDX,NAME,ADDRESS,RES_PHONE,CATEGORY,SCORE,HOLIDAY,OP_HOUR,PARK_AREA,VIEW_COUNT,PRICE,LINK,AREA_IDX) values (1738,'녹원쌈밥','서울 마포구 연남동 504-39','02-332-9483',103,0,'연중무휴','11:30-20:40',1,0,'12000-16000',null,115);
Insert into RESTAURANT (IDX,NAME,ADDRESS,RES_PHONE,CATEGORY,SCORE,HOLIDAY,OP_HOUR,PARK_AREA,VIEW_COUNT,PRICE,LINK,AREA_IDX) values (1739,'감나무집 기사식당','서울 마포구 연남동 515-19','02-325-8727',103,0,'연중무휴','00:00-24:00',1,0,'10000-13000',null,115);
Insert into RESTAURANT (IDX,NAME,ADDRESS,RES_PHONE,CATEGORY,SCORE,HOLIDAY,OP_HOUR,PARK_AREA,VIEW_COUNT,PRICE,LINK,AREA_IDX) values (1740,'본가서대문족발','서울 서대문구 충정로6안길 54','02-312-5580',107,0,'연중무휴','11:30~23:30',1,0,'39000','https://www.siksinhot.com/P/255249',116);
Insert into RESTAURANT (IDX,NAME,ADDRESS,RES_PHONE,CATEGORY,SCORE,HOLIDAY,OP_HOUR,PARK_AREA,VIEW_COUNT,PRICE,LINK,AREA_IDX) values (1741,'서대문골목 서대포집','서울 서대문구 충정로 67-4','02-777-7007',101,0,'토/일','17:00~22:00',2,0,'13000~19000','https://www.siksinhot.com/P/769927',116);
Insert into RESTAURANT (IDX,NAME,ADDRESS,RES_PHONE,CATEGORY,SCORE,HOLIDAY,OP_HOUR,PARK_AREA,VIEW_COUNT,PRICE,LINK,AREA_IDX) values (1742,'서대문꼼잠어','서울 서대문구 충정로5길 4','02-393-3391',101,0,'토/일','11:30~23:00',2,0,'10000','https://www.siksinhot.com/P/365273',116);
Insert into RESTAURANT (IDX,NAME,ADDRESS,RES_PHONE,CATEGORY,SCORE,HOLIDAY,OP_HOUR,PARK_AREA,VIEW_COUNT,PRICE,LINK,AREA_IDX) values (1743,'막내네횟집 서대문점','서울 서대문구 충정로6안길 6-2 1층','02-364-0977',102,0,'연중무휴','11:30~23:00',2,0,'12000','https://www.siksinhot.com/P/318427',116);
Insert into RESTAURANT (IDX,NAME,ADDRESS,RES_PHONE,CATEGORY,SCORE,HOLIDAY,OP_HOUR,PARK_AREA,VIEW_COUNT,PRICE,LINK,AREA_IDX) values (1744,'아빠곰탕 서대문구역점','서울 서대문구 충정로 47','02-393-6633',109,0,'토/일','10:00~22:00',2,0,'7500~8000','https://www.siksinhot.com/P/787129',116);
Insert into RESTAURANT (IDX,NAME,ADDRESS,RES_PHONE,CATEGORY,SCORE,HOLIDAY,OP_HOUR,PARK_AREA,VIEW_COUNT,PRICE,LINK,AREA_IDX) values (1745,'해구','서울 서대문구 서소문로 37','02-312-2030',102,0,'연중무휴','연중무휴',2,0,'18000','https://www.siksinhot.com/P/365317',116);
Insert into RESTAURANT (IDX,NAME,ADDRESS,RES_PHONE,CATEGORY,SCORE,HOLIDAY,OP_HOUR,PARK_AREA,VIEW_COUNT,PRICE,LINK,AREA_IDX) values (1746,'하남돼지집 서대문역점','서울 서대문구 충정로 71-1','0507-1443-8007',101,0,'연중무휴','11:00~23:40',1,0,'16000~18000','https://booking.naver.com/?area=bmp',116);
Insert into RESTAURANT (IDX,NAME,ADDRESS,RES_PHONE,CATEGORY,SCORE,HOLIDAY,OP_HOUR,PARK_AREA,VIEW_COUNT,PRICE,LINK,AREA_IDX) values (1747,'원조부안집 서대문점','서울 서대문구 통일로9안길 22 1층','0507-1482-0217',101,0,'연중무휴','11:00~22:00',2,0,'9500~15000',null,116);
Insert into RESTAURANT (IDX,NAME,ADDRESS,RES_PHONE,CATEGORY,SCORE,HOLIDAY,OP_HOUR,PARK_AREA,VIEW_COUNT,PRICE,LINK,AREA_IDX) values (1748,'한옥집김치찜 본점','서울 서대문구 통일로9길 12 1층 한옥집김치찜','02-362-8653',109,0,'연중무휴','10:30~21:30',1,0,'9500~23000','http://hanokjib.co.kr/community/media/',116);
Insert into RESTAURANT (IDX,NAME,ADDRESS,RES_PHONE,CATEGORY,SCORE,HOLIDAY,OP_HOUR,PARK_AREA,VIEW_COUNT,PRICE,LINK,AREA_IDX) values (1749,'하늘초밥','서울 서대문구 이화여대2길 14 1층 하늘초밥','0507-1366-4573',102,0,'일/월','11:30~22:00',2,0,'26000','http://instagram.com/sorasky0616',116);
Insert into RESTAURANT (IDX,NAME,ADDRESS,RES_PHONE,CATEGORY,SCORE,HOLIDAY,OP_HOUR,PARK_AREA,VIEW_COUNT,PRICE,LINK,AREA_IDX) values (1750,'현명식탁','서울 서대문구 명물길 32 준성빌딩 5층','0507-1361-1229',106,0,'연중무휴','11:30~22:00',2,0,'15000~20000','http://www.instagram.com/2018_yhm',116);
Insert into RESTAURANT (IDX,NAME,ADDRESS,RES_PHONE,CATEGORY,SCORE,HOLIDAY,OP_HOUR,PARK_AREA,VIEW_COUNT,PRICE,LINK,AREA_IDX) values (1751,'천궁전마라탕','서울 서대문구 연세로5가길 3 2층','02-322-9880',108,0,'연중무휴','11:00~23:00',2,0,'15000~20000','http://instagram.com/pheby888',116);
Insert into RESTAURANT (IDX,NAME,ADDRESS,RES_PHONE,CATEGORY,SCORE,HOLIDAY,OP_HOUR,PARK_AREA,VIEW_COUNT,PRICE,LINK,AREA_IDX) values (1752,'댄싱홍콩 신촌점','서울 서대문구 연세로12길 37-4 1층 댄싱홍콩','0507-1459-0438',108,0,'연중무휴','11:00~22:00',2,0,'11000~13000','https://www.instagram.com/dancing_hongkong.official',116);
Insert into RESTAURANT (IDX,NAME,ADDRESS,RES_PHONE,CATEGORY,SCORE,HOLIDAY,OP_HOUR,PARK_AREA,VIEW_COUNT,PRICE,LINK,AREA_IDX) values (1753,'카츠업','서울 서대문구 연세로5길 32 1층 카츠업','0507-1345-5778',102,0,'연중무휴','11:00~21:50',2,0,'9500~13900','https://blog.naver.com/katsup',116);
Insert into RESTAURANT (IDX,NAME,ADDRESS,RES_PHONE,CATEGORY,SCORE,HOLIDAY,OP_HOUR,PARK_AREA,VIEW_COUNT,PRICE,LINK,AREA_IDX) values (1754,'라구식당','서울 서대문구 연세로 42-24 1층','0507-1479-2224',106,0,'연중무휴','11:30~21:00',2,0,'16000~17000','http://instagram.com/ragu_pasta',116);
Insert into RESTAURANT (IDX,NAME,ADDRESS,RES_PHONE,CATEGORY,SCORE,HOLIDAY,OP_HOUR,PARK_AREA,VIEW_COUNT,PRICE,LINK,AREA_IDX) values (1755,'야바이','서울 서대문구 연세로7안길 37','0507-1408-1024',102,0,'연중무휴','16:00~24:00',2,0,'11000~15000',null,116);
Insert into RESTAURANT (IDX,NAME,ADDRESS,RES_PHONE,CATEGORY,SCORE,HOLIDAY,OP_HOUR,PARK_AREA,VIEW_COUNT,PRICE,LINK,AREA_IDX) values (1756,'부탄츄 신촌점','서울 서대문구 연세로5길 26-9','02-3144-6604',102,0,'연중무휴','11:30~22:00',2,0,'9000',null,116);
Insert into RESTAURANT (IDX,NAME,ADDRESS,RES_PHONE,CATEGORY,SCORE,HOLIDAY,OP_HOUR,PARK_AREA,VIEW_COUNT,PRICE,LINK,AREA_IDX) values (1757,'목란','서울 서대문구 연희로15길 21','02-732-0054',108,0,'월','11:30~21:20',1,0,'25000~30000',null,116);
Insert into RESTAURANT (IDX,NAME,ADDRESS,RES_PHONE,CATEGORY,SCORE,HOLIDAY,OP_HOUR,PARK_AREA,VIEW_COUNT,PRICE,LINK,AREA_IDX) values (1758,'연희동칼국수 본점','서울 서대문구 연희맛로 37','02-333-3955',103,0,'월','11:00~21:00',2,0,'11000~14000',null,116);
Insert into RESTAURANT (IDX,NAME,ADDRESS,RES_PHONE,CATEGORY,SCORE,HOLIDAY,OP_HOUR,PARK_AREA,VIEW_COUNT,PRICE,LINK,AREA_IDX) values (1759,'월순철판동태찜','서울 서대문구 연희맛로 17-14 1층','02-325-1567',109,0,'일','11:40~21:00',2,0,'38000',null,116);
Insert into RESTAURANT (IDX,NAME,ADDRESS,RES_PHONE,CATEGORY,SCORE,HOLIDAY,OP_HOUR,PARK_AREA,VIEW_COUNT,PRICE,LINK,AREA_IDX) values (1760,'카란지린기네스낵바 신촌점','서울 서대문구 연세로5길 2 1층','070-8823-8486',102,0,'연중무휴','11:30~23:00',2,0,'12900~15900','https://www.instagram.com/karinji_ringane/',116);
Insert into RESTAURANT (IDX,NAME,ADDRESS,RES_PHONE,CATEGORY,SCORE,HOLIDAY,OP_HOUR,PARK_AREA,VIEW_COUNT,PRICE,LINK,AREA_IDX) values (1761,'담산 신촌본점','서울 서대문구 연세로5다길 5 1층 담산 신촌본점','0507-1357-8469',113,0,'월','11:00~22:00',2,0,'15000','https://www.instagram.com/damsan_shinchon',116);
Insert into RESTAURANT (IDX,NAME,ADDRESS,RES_PHONE,CATEGORY,SCORE,HOLIDAY,OP_HOUR,PARK_AREA,VIEW_COUNT,PRICE,LINK,AREA_IDX) values (1762,'대성이네','서울 서대문구 연세로5나길 33 1층 대성이네','0507-1343-9658',109,0,'월','12:00~23:00',2,0,'30000','https://www.instagram.com/',116);
Insert into RESTAURANT (IDX,NAME,ADDRESS,RES_PHONE,CATEGORY,SCORE,HOLIDAY,OP_HOUR,PARK_AREA,VIEW_COUNT,PRICE,LINK,AREA_IDX) values (1763,'에뚜왈 신촌점','서울 서대문구 연세로 3-3 1층 105호','0507-1310-5348',111,0,'연중무휴','12:30~22:50',2,0,'2700~9000','https://www.instagram.com/patisserie___etoile/?igshid=OGQ5ZDc2ODk2ZA%3D%3D',116);
Insert into RESTAURANT (IDX,NAME,ADDRESS,RES_PHONE,CATEGORY,SCORE,HOLIDAY,OP_HOUR,PARK_AREA,VIEW_COUNT,PRICE,LINK,AREA_IDX) values (1764,'헤이진','서울 서대문구 연세로5나길 37 1층','0507-1466-5574',111,0,'화','11:30~22:00',1,0,'7900~8900','http://www.instagram.com/heyjindessert_official',116);
Insert into RESTAURANT (IDX,NAME,ADDRESS,RES_PHONE,CATEGORY,SCORE,HOLIDAY,OP_HOUR,PARK_AREA,VIEW_COUNT,PRICE,LINK,AREA_IDX) values (1765,'풍년닭도리탕 신촌점','서울 서대문구 연세로5다길 5 2층','0507-1355-5278',109,0,'목','10:00~22:00',1,0,'30000',null,116);
Insert into RESTAURANT (IDX,NAME,ADDRESS,RES_PHONE,CATEGORY,SCORE,HOLIDAY,OP_HOUR,PARK_AREA,VIEW_COUNT,PRICE,LINK,AREA_IDX) values (1766,'베베베 신촌점','서울 서대문구 연세로5나길 24 지상1층~4층','0507-1461-9021',111,0,'연중무휴','10:00~21:00',2,0,'4000~10000','https://www.instagram.com/_bbb.official/',116);
Insert into RESTAURANT (IDX,NAME,ADDRESS,RES_PHONE,CATEGORY,SCORE,HOLIDAY,OP_HOUR,PARK_AREA,VIEW_COUNT,PRICE,LINK,AREA_IDX) values (1767,'양꽃 신촌점','서울 서대문구 명물길 37 SD타워2 6층','0507-1399-4545',101,0,'연중무휴','16:00~22:00',1,0,'20000~39000','https://catchtable.co.kr/lamlflower_sc',116);
Insert into RESTAURANT (IDX,NAME,ADDRESS,RES_PHONE,CATEGORY,SCORE,HOLIDAY,OP_HOUR,PARK_AREA,VIEW_COUNT,PRICE,LINK,AREA_IDX) values (1768,'시오','서울 서대문구 연희로11가길 23 1층','02-3144-6919',102,0,'연중무휴','11:40~21:30',2,0,'15000~18000',null,116);
Insert into RESTAURANT (IDX,NAME,ADDRESS,RES_PHONE,CATEGORY,SCORE,HOLIDAY,OP_HOUR,PARK_AREA,VIEW_COUNT,PRICE,LINK,AREA_IDX) values (1769,'리히트','서울 서대문구 연희로4길 10 리히트','0507-1426-0263',111,0,'월','10:30~20:30',2,0,'17000~33000','https://www.instagram.com/rihit_seoultofu',116);
Insert into RESTAURANT (IDX,NAME,ADDRESS,RES_PHONE,CATEGORY,SCORE,HOLIDAY,OP_HOUR,PARK_AREA,VIEW_COUNT,PRICE,LINK,AREA_IDX) values (1770,'두오모','서울시 종로구 효자동 40-2','02-730-0902',106,0,'연중무휴','일, 월 12:00-21:00',1,0,'10000-35000',null,117);
Insert into RESTAURANT (IDX,NAME,ADDRESS,RES_PHONE,CATEGORY,SCORE,HOLIDAY,OP_HOUR,PARK_AREA,VIEW_COUNT,PRICE,LINK,AREA_IDX) values (1771,'갈리나데이지','서울 종로구 통인동 118-15','010-8314-1248',106,0,'연중무휴','일 12:00-21:00',1,0,'18000-88000',null,117);
Insert into RESTAURANT (IDX,NAME,ADDRESS,RES_PHONE,CATEGORY,SCORE,HOLIDAY,OP_HOUR,PARK_AREA,VIEW_COUNT,PRICE,LINK,AREA_IDX) values (1772,'서촌김씨 뜨라또리아','서울 종로구 통인동 138-1 2층','02-737-7786',106,0,'연중무휴','월 11:30-21:00',2,0,'19000-25000',null,117);
Insert into RESTAURANT (IDX,NAME,ADDRESS,RES_PHONE,CATEGORY,SCORE,HOLIDAY,OP_HOUR,PARK_AREA,VIEW_COUNT,PRICE,LINK,AREA_IDX) values (1773,'한옥 달','서울 종로구 체부동 68','0507-1354-3394',106,0,'연중무휴','일 11:30-21:30',2,0,'19000-57000',null,117);
Insert into RESTAURANT (IDX,NAME,ADDRESS,RES_PHONE,CATEGORY,SCORE,HOLIDAY,OP_HOUR,PARK_AREA,VIEW_COUNT,PRICE,LINK,AREA_IDX) values (1774,'아지오','서울 종로구 견지동 68-1','02-722-0211',106,0,'연중무휴','일 11:30-22:00',2,0,'12900-36500',null,117);
Insert into RESTAURANT (IDX,NAME,ADDRESS,RES_PHONE,CATEGORY,SCORE,HOLIDAY,OP_HOUR,PARK_AREA,VIEW_COUNT,PRICE,LINK,AREA_IDX) values (1775,'맛의정원','서울시 종로구 명륜1가 31-3 1층','070-7622-6607',102,0,'연중무휴','월 11:00-20:00',2,0,'12000-12000',null,117);
Insert into RESTAURANT (IDX,NAME,ADDRESS,RES_PHONE,CATEGORY,SCORE,HOLIDAY,OP_HOUR,PARK_AREA,VIEW_COUNT,PRICE,LINK,AREA_IDX) values (1776,'정돈','서울 종로구 명륜4가 107 지하1층','02-987-0924',102,0,'연중무휴','11:30-21:30',2,0,'9000-25000',null,117);
Insert into RESTAURANT (IDX,NAME,ADDRESS,RES_PHONE,CATEGORY,SCORE,HOLIDAY,OP_HOUR,PARK_AREA,VIEW_COUNT,PRICE,LINK,AREA_IDX) values (1777,'우리집','서울 종로구 옥인동 102-7','02-734-9870',102,0,'연중무휴','월 11:00-20:30',2,0,'7000-13500',null,117);
Insert into RESTAURANT (IDX,NAME,ADDRESS,RES_PHONE,CATEGORY,SCORE,HOLIDAY,OP_HOUR,PARK_AREA,VIEW_COUNT,PRICE,LINK,AREA_IDX) values (1778,'후와후와','서울 종로구 연지동 255','02-744-8513',102,0,'연중무휴','토, 일 11:00-14:00',1,0,'7500-11500',null,117);
Insert into RESTAURANT (IDX,NAME,ADDRESS,RES_PHONE,CATEGORY,SCORE,HOLIDAY,OP_HOUR,PARK_AREA,VIEW_COUNT,PRICE,LINK,AREA_IDX) values (1779,'창경궁 150','서울시 종로구 원남동 96-9','02-747-0150',102,0,'연중무휴','일 11:00-14:30',2,0,'9000-10000',null,117);
Insert into RESTAURANT (IDX,NAME,ADDRESS,RES_PHONE,CATEGORY,SCORE,HOLIDAY,OP_HOUR,PARK_AREA,VIEW_COUNT,PRICE,LINK,AREA_IDX) values (1780,'청수당','서울 종로구 익선동 144','0507-1318-8215',111,0,'연중무휴','10:30-21:00',2,0,'6800-15800',null,117);
Insert into RESTAURANT (IDX,NAME,ADDRESS,RES_PHONE,CATEGORY,SCORE,HOLIDAY,OP_HOUR,PARK_AREA,VIEW_COUNT,PRICE,LINK,AREA_IDX) values (1781,'차 마시는 뜰','서울 종로구 삼청동 35-169','02-722-7006',111,0,'연중무휴','월 11:00-21:00',1,0,'7000-13000',null,117);
Insert into RESTAURANT (IDX,NAME,ADDRESS,RES_PHONE,CATEGORY,SCORE,HOLIDAY,OP_HOUR,PARK_AREA,VIEW_COUNT,PRICE,LINK,AREA_IDX) values (1782,'로우루프','서울 종로구 가회동 175-2','02-747-0709',111,0,'연중무휴','월 10:00-20:00',2,0,'5000-7000',null,117);
Insert into RESTAURANT (IDX,NAME,ADDRESS,RES_PHONE,CATEGORY,SCORE,HOLIDAY,OP_HOUR,PARK_AREA,VIEW_COUNT,PRICE,LINK,AREA_IDX) values (1783,'호아드','서울 종로구 사간동 7','02-725-1204',111,0,'연중무휴','월 11:00-21:00',2,0,'5500-7500',null,117);
Insert into RESTAURANT (IDX,NAME,ADDRESS,RES_PHONE,CATEGORY,SCORE,HOLIDAY,OP_HOUR,PARK_AREA,VIEW_COUNT,PRICE,LINK,AREA_IDX) values (1784,'더 마틴','서울 종로구 청운동 59-5','02-738-2299',111,0,'연중무휴','12:30-21:00',2,0,'5000-29000',null,117);
Insert into RESTAURANT (IDX,NAME,ADDRESS,RES_PHONE,CATEGORY,SCORE,HOLIDAY,OP_HOUR,PARK_AREA,VIEW_COUNT,PRICE,LINK,AREA_IDX) values (1785,'반짝반짝 빛나는','서울 종로구 관훈동 6 2층','02-738-4525',111,0,'연중무휴','12:00-23:00',2,0,'6000-9000',null,117);
Insert into RESTAURANT (IDX,NAME,ADDRESS,RES_PHONE,CATEGORY,SCORE,HOLIDAY,OP_HOUR,PARK_AREA,VIEW_COUNT,PRICE,LINK,AREA_IDX) values (1786,'우육면관','서울 종로구 청진동 39','0507-1313-4830',103,0,'연중무휴','11:00-22:00',2,0,'11000-24000',null,117);
Insert into RESTAURANT (IDX,NAME,ADDRESS,RES_PHONE,CATEGORY,SCORE,HOLIDAY,OP_HOUR,PARK_AREA,VIEW_COUNT,PRICE,LINK,AREA_IDX) values (1787,'몽중헌 안국점','서울시 종로구 화동 117','02-730-2051',108,0,'연중무휴','11:30-21:30',1,0,'12000-40000',null,117);
Insert into RESTAURANT (IDX,NAME,ADDRESS,RES_PHONE,CATEGORY,SCORE,HOLIDAY,OP_HOUR,PARK_AREA,VIEW_COUNT,PRICE,LINK,AREA_IDX) values (1788,'유유안','서울 종로구 당주동 29 포시즌호텔 11층','02-6388-5500',108,0,'연중무휴','11:30-21:30',1,0,'98000-340000',null,117);
Insert into RESTAURANT (IDX,NAME,ADDRESS,RES_PHONE,CATEGORY,SCORE,HOLIDAY,OP_HOUR,PARK_AREA,VIEW_COUNT,PRICE,LINK,AREA_IDX) values (1789,'덕후선생 광화문디타워점','서울 종로구 청진동 246','02-2251-8422',108,0,'연중무휴','11:30-21:30',1,0,'10000-100000',null,117);
Insert into RESTAURANT (IDX,NAME,ADDRESS,RES_PHONE,CATEGORY,SCORE,HOLIDAY,OP_HOUR,PARK_AREA,VIEW_COUNT,PRICE,LINK,AREA_IDX) values (1790,'한양108 종로점','서울 종로구 종로2가 6 B2','070-4647-0230',108,0,'연중무휴','11:00-21:30',1,0,'8500-72000',null,117);
Insert into RESTAURANT (IDX,NAME,ADDRESS,RES_PHONE,CATEGORY,SCORE,HOLIDAY,OP_HOUR,PARK_AREA,VIEW_COUNT,PRICE,LINK,AREA_IDX) values (1791,'도마','서울 종로구 관훈동 15-1','02-733-9376',103,0,'연중무휴','월 11:30-20:50',2,0,'8000-53000',null,117);
Insert into RESTAURANT (IDX,NAME,ADDRESS,RES_PHONE,CATEGORY,SCORE,HOLIDAY,OP_HOUR,PARK_AREA,VIEW_COUNT,PRICE,LINK,AREA_IDX) values (1792,'다담정식','서울 종로구 서린동 88','02-739-6897',103,0,'연중무휴','토, 일 11:00-20:00',2,0,'9000-9000',null,117);
Insert into RESTAURANT (IDX,NAME,ADDRESS,RES_PHONE,CATEGORY,SCORE,HOLIDAY,OP_HOUR,PARK_AREA,VIEW_COUNT,PRICE,LINK,AREA_IDX) values (1793,'애호락','서울 종로구 계동 107-1','0507-1418-8010',103,0,'연중무휴','11:00-21:30',1,0,'10000-33000',null,117);
Insert into RESTAURANT (IDX,NAME,ADDRESS,RES_PHONE,CATEGORY,SCORE,HOLIDAY,OP_HOUR,PARK_AREA,VIEW_COUNT,PRICE,LINK,AREA_IDX) values (1794,'깡장집 본점','서울 종로구 당주동 5 지하 1층 57, 58호','02-720-8688',103,0,'연중무휴','일 09:00-22:00',2,0,'7000-38000',null,117);
Insert into RESTAURANT (IDX,NAME,ADDRESS,RES_PHONE,CATEGORY,SCORE,HOLIDAY,OP_HOUR,PARK_AREA,VIEW_COUNT,PRICE,LINK,AREA_IDX) values (1795,'칸다소바 경복궁점','서울 종로구 체부동 28-2','02-6405-1662',102,0,'연중무휴','11:30-21:30',2,0,'11000-13000',null,117);
Insert into RESTAURANT (IDX,NAME,ADDRESS,RES_PHONE,CATEGORY,SCORE,HOLIDAY,OP_HOUR,PARK_AREA,VIEW_COUNT,PRICE,LINK,AREA_IDX) values (1796,'멘야산다이메','서울시 종로구 명륜4가 147-1','02-743-4129',102,0,'연중무휴','10:30-22:00',2,0,'9500-13000',null,117);
Insert into RESTAURANT (IDX,NAME,ADDRESS,RES_PHONE,CATEGORY,SCORE,HOLIDAY,OP_HOUR,PARK_AREA,VIEW_COUNT,PRICE,LINK,AREA_IDX) values (1797,'도마 유즈라멘','서울 종로구 재동 84-6','070-8838-0365',102,0,'연중무휴','월 11:00-21:30',2,0,'12000-39000',null,117);
Insert into RESTAURANT (IDX,NAME,ADDRESS,RES_PHONE,CATEGORY,SCORE,HOLIDAY,OP_HOUR,PARK_AREA,VIEW_COUNT,PRICE,LINK,AREA_IDX) values (1798,'히타토제면소','서울 종로구 누상동 55-3 1층 102호','010-4141-0092',102,0,'연중무휴','일 12:00-19:00',2,0,'11000-16000',null,117);
Insert into RESTAURANT (IDX,NAME,ADDRESS,RES_PHONE,CATEGORY,SCORE,HOLIDAY,OP_HOUR,PARK_AREA,VIEW_COUNT,PRICE,LINK,AREA_IDX) values (1799,'종로수제비','서울시 종로구 청진동 146 르메이에르종로타운1','02-2075-5586',103,0,'연중무휴','10:00-22:00',1,0,'8000-9000',null,117);
Insert into RESTAURANT (IDX,NAME,ADDRESS,RES_PHONE,CATEGORY,SCORE,HOLIDAY,OP_HOUR,PARK_AREA,VIEW_COUNT,PRICE,LINK,AREA_IDX) values (1800,'제갈양','제주 제주시 한림읍 한림로 155','064-796-9933',101,0,'연중무휴','10:00-21:00',1,0,'15000',null,119);
Insert into RESTAURANT (IDX,NAME,ADDRESS,RES_PHONE,CATEGORY,SCORE,HOLIDAY,OP_HOUR,PARK_AREA,VIEW_COUNT,PRICE,LINK,AREA_IDX) values (1801,'제주내리막','제주 제주시 우정로 18 1층 제주내리막','0507-1412-3293',101,0,'연중무휴','12:00-23:30',1,0,'25000',null,119);
Insert into RESTAURANT (IDX,NAME,ADDRESS,RES_PHONE,CATEGORY,SCORE,HOLIDAY,OP_HOUR,PARK_AREA,VIEW_COUNT,PRICE,LINK,AREA_IDX) values (1802,'올래국수','제주 제주시 귀아랑길 24 올래국수','064-742-7355',103,0,'연중무휴','8:20-15:00',1,0,'10000',null,119);
Insert into RESTAURANT (IDX,NAME,ADDRESS,RES_PHONE,CATEGORY,SCORE,HOLIDAY,OP_HOUR,PARK_AREA,VIEW_COUNT,PRICE,LINK,AREA_IDX) values (1803,'우진해장국','제주 제주시 서사로 11','064-757-3393',103,0,'연중무휴','6:00-22:00',2,0,'10000',null,119);
Insert into RESTAURANT (IDX,NAME,ADDRESS,RES_PHONE,CATEGORY,SCORE,HOLIDAY,OP_HOUR,PARK_AREA,VIEW_COUNT,PRICE,LINK,AREA_IDX) values (1804,'이춘옥원조고등어쌈밥 제주애월본점','제주 제주시 애월읍 일주서로 7213','0507-1402-9914',103,0,'연중무휴','10:00-20:30',1,0,'15000',null,119);
Insert into RESTAURANT (IDX,NAME,ADDRESS,RES_PHONE,CATEGORY,SCORE,HOLIDAY,OP_HOUR,PARK_AREA,VIEW_COUNT,PRICE,LINK,AREA_IDX) values (1805,'제주광해 애월','제주 제주시 애월읍 애월해안로 867 2층','0507-1312-4789',103,0,'연중무휴','10:00-20:00',1,0,'43000',null,119);
Insert into RESTAURANT (IDX,NAME,ADDRESS,RES_PHONE,CATEGORY,SCORE,HOLIDAY,OP_HOUR,PARK_AREA,VIEW_COUNT,PRICE,LINK,AREA_IDX) values (1806,'아베베베이커리','제주 제주시 동문로6길 4 동문시장 12번 게이트 옆','0507-1414-0750',111,0,'연중무휴','10:00-21:00',2,0,'3300',null,119);
Insert into RESTAURANT (IDX,NAME,ADDRESS,RES_PHONE,CATEGORY,SCORE,HOLIDAY,OP_HOUR,PARK_AREA,VIEW_COUNT,PRICE,LINK,AREA_IDX) values (1807,'런던베이글뮤지엄 제주점','제주 제주시 구좌읍 동복로 85 제2동 1층','없음',111,0,'연중무휴','8:00-18:00',1,0,'5500',null,119);
Insert into RESTAURANT (IDX,NAME,ADDRESS,RES_PHONE,CATEGORY,SCORE,HOLIDAY,OP_HOUR,PARK_AREA,VIEW_COUNT,PRICE,LINK,AREA_IDX) values (1808,'형제도식당','제주 서귀포시 일주서로 915','064-738-3407',109,0,'연중무휴','10:00-21:00',1,0,'70000',null,118);
Insert into RESTAURANT (IDX,NAME,ADDRESS,RES_PHONE,CATEGORY,SCORE,HOLIDAY,OP_HOUR,PARK_AREA,VIEW_COUNT,PRICE,LINK,AREA_IDX) values (1809,'제주순풍해장국 본점','제주 제주시 진군남4길 7-8 1층','0507-1426-9944',103,0,'화요일','6:00-22:00',1,0,'9000',null,119);
Insert into RESTAURANT (IDX,NAME,ADDRESS,RES_PHONE,CATEGORY,SCORE,HOLIDAY,OP_HOUR,PARK_AREA,VIEW_COUNT,PRICE,LINK,AREA_IDX) values (1810,'레이지펌프','제주 제주시 애월읍 애월북서길 32 lazypump','0507-1325-8732',111,0,'연중무휴','9:00-20:00',1,0,'6000',null,119);
Insert into RESTAURANT (IDX,NAME,ADDRESS,RES_PHONE,CATEGORY,SCORE,HOLIDAY,OP_HOUR,PARK_AREA,VIEW_COUNT,PRICE,LINK,AREA_IDX) values (1811,'색달식당중문갈치조림구이 본점','제주 서귀포시 예래로 255-18 1층','0507-1321-1741',109,0,'연중무휴','10:00-21:00',1,0,'70000',null,118);
Insert into RESTAURANT (IDX,NAME,ADDRESS,RES_PHONE,CATEGORY,SCORE,HOLIDAY,OP_HOUR,PARK_AREA,VIEW_COUNT,PRICE,LINK,AREA_IDX) values (1812,'제주마음','제주 제주시 원노형3길 15 1층','0507-1329-8332',109,0,'연중무휴','9:30-21:30',1,0,'75000',null,119);
Insert into RESTAURANT (IDX,NAME,ADDRESS,RES_PHONE,CATEGORY,SCORE,HOLIDAY,OP_HOUR,PARK_AREA,VIEW_COUNT,PRICE,LINK,AREA_IDX) values (1813,'미영이네','제주 서귀포시 대정읍 하모항구로 42','064-792-0077',102,0,'수요일','11:30-22:00',1,0,'60000',null,118);
Insert into RESTAURANT (IDX,NAME,ADDRESS,RES_PHONE,CATEGORY,SCORE,HOLIDAY,OP_HOUR,PARK_AREA,VIEW_COUNT,PRICE,LINK,AREA_IDX) values (1814,'원앤온리','제주 서귀포시 안덕면 산방로 141','0507-1323-6186',111,0,'연중무휴','9:00-20:00',1,0,'14000',null,118);
Insert into RESTAURANT (IDX,NAME,ADDRESS,RES_PHONE,CATEGORY,SCORE,HOLIDAY,OP_HOUR,PARK_AREA,VIEW_COUNT,PRICE,LINK,AREA_IDX) values (1815,'연돈','제주 서귀포시 색달로 10 2층 연돈','0507-1386-7060',102,0,'연중무휴','12:00-21:00',1,0,'11000',null,118);
Insert into RESTAURANT (IDX,NAME,ADDRESS,RES_PHONE,CATEGORY,SCORE,HOLIDAY,OP_HOUR,PARK_AREA,VIEW_COUNT,PRICE,LINK,AREA_IDX) values (1816,'먹돌 제주본점','제주 제주시 월성로 26','0507-1405-9777',103,0,'연중무휴','9:00-20:40',1,0,'10000',null,119);
Insert into RESTAURANT (IDX,NAME,ADDRESS,RES_PHONE,CATEGORY,SCORE,HOLIDAY,OP_HOUR,PARK_AREA,VIEW_COUNT,PRICE,LINK,AREA_IDX) values (1817,'뚱딴지 애월본점','제주 제주시 애월읍 부룡수길 17','0507-1370-2085',109,0,'연중무휴','11:00-22:00',1,0,'15000-120000',null,119);
Insert into RESTAURANT (IDX,NAME,ADDRESS,RES_PHONE,CATEGORY,SCORE,HOLIDAY,OP_HOUR,PARK_AREA,VIEW_COUNT,PRICE,LINK,AREA_IDX) values (1818,'숙성도 노형본관','제주 제주시 원노형로 41 1층','0507-1335-5211',101,0,'연중무휴','11:30-21:30',2,0,'21000','https://blog.naver.com/songmeat3555',119);
Insert into RESTAURANT (IDX,NAME,ADDRESS,RES_PHONE,CATEGORY,SCORE,HOLIDAY,OP_HOUR,PARK_AREA,VIEW_COUNT,PRICE,LINK,AREA_IDX) values (1819,'해지개','제주 제주시 애월읍 애월북서길 52 . 1~2층','0507-1358-8586',111,0,'연중무휴','9:00-21:00',1,0,'7500','https://www.instagram.com/jeju_17',119);
Insert into RESTAURANT (IDX,NAME,ADDRESS,RES_PHONE,CATEGORY,SCORE,HOLIDAY,OP_HOUR,PARK_AREA,VIEW_COUNT,PRICE,LINK,AREA_IDX) values (1820,'성산 고등어쌈밥 김치찜','제주 서귀포시 성산읍 섭지코지로25번길 122-5 고등어쌈밥','0507-1427-4944',103,0,'연중무휴','8:00-22:00',1,0,'18000',null,118);
Insert into RESTAURANT (IDX,NAME,ADDRESS,RES_PHONE,CATEGORY,SCORE,HOLIDAY,OP_HOUR,PARK_AREA,VIEW_COUNT,PRICE,LINK,AREA_IDX) values (1821,'금돈가 제주 애월해안도로 본점','제주 제주시 애월읍 가문동남길 63 1층','0507-1396-6466',101,0,'연중무휴','11:00-22:00',1,0,'66000','https://www.instagram.com/jeju_kumdonga',119);
Insert into RESTAURANT (IDX,NAME,ADDRESS,RES_PHONE,CATEGORY,SCORE,HOLIDAY,OP_HOUR,PARK_AREA,VIEW_COUNT,PRICE,LINK,AREA_IDX) values (1822,'장승포식당 성산 서귀포점','제주 서귀포시 성산읍 동류암로 32 장승포식당','064-784-5354',109,0,'2,4번째화요일','9:00-21:00',1,0,'16000-55000',null,118);
Insert into RESTAURANT (IDX,NAME,ADDRESS,RES_PHONE,CATEGORY,SCORE,HOLIDAY,OP_HOUR,PARK_AREA,VIEW_COUNT,PRICE,LINK,AREA_IDX) values (1823,'중문 돌담흑돼지','제주 서귀포시 일주서로 909 1층','0507-1391-4619',101,0,'연중무휴','11:00-24:00',1,0,'9800','https://www.instagram.com/doldamblackpork_jungmun/',118);
Insert into RESTAURANT (IDX,NAME,ADDRESS,RES_PHONE,CATEGORY,SCORE,HOLIDAY,OP_HOUR,PARK_AREA,VIEW_COUNT,PRICE,LINK,AREA_IDX) values (1824,'자매국수','제주 제주시 항골남길 46 자매국수','064-746-2222',103,0,'수요일','9:00-18:00',1,0,'9000','https://m.smartstore.naver.com/jamae_jeju',119);
Insert into RESTAURANT (IDX,NAME,ADDRESS,RES_PHONE,CATEGORY,SCORE,HOLIDAY,OP_HOUR,PARK_AREA,VIEW_COUNT,PRICE,LINK,AREA_IDX) values (1825,'도민상회본점','제주 제주시 한림읍 한림로3길 8 도민상회본점 제주한림협재흑돼지','0507-1334-0795',101,0,'연중무휴','11:00-23:00',1,0,'42000-66000',null,119);
Insert into RESTAURANT (IDX,NAME,ADDRESS,RES_PHONE,CATEGORY,SCORE,HOLIDAY,OP_HOUR,PARK_AREA,VIEW_COUNT,PRICE,LINK,AREA_IDX) values (1826,'고집돌우럭 중문점','제주 서귀포시 일주서로 879','0507-1408-1540',103,0,'연중무휴','10:00-21:30',1,0,'24000-33000','https://blog.naver.com/gozipjeju_',118);
Insert into RESTAURANT (IDX,NAME,ADDRESS,RES_PHONE,CATEGORY,SCORE,HOLIDAY,OP_HOUR,PARK_AREA,VIEW_COUNT,PRICE,LINK,AREA_IDX) values (1827,'갈치요리 전문점 뜰에','제주 제주시 애월읍 애월로11길 23-1','064-799-1479',109,0,'연중무휴','10:30-21:10',1,0,'69000','https://www.instagram.com/jeju_hairtail/',119);
Insert into RESTAURANT (IDX,NAME,ADDRESS,RES_PHONE,CATEGORY,SCORE,HOLIDAY,OP_HOUR,PARK_AREA,VIEW_COUNT,PRICE,LINK,AREA_IDX) values (1828,'늘봄흑돼지','제주 제주시 한라대학로 12','064-744-9001',101,0,'연중무휴','11:00-23:00',1,0,'22000','https://blog.naver.com/lulumerry',119);
Insert into RESTAURANT (IDX,NAME,ADDRESS,RES_PHONE,CATEGORY,SCORE,HOLIDAY,OP_HOUR,PARK_AREA,VIEW_COUNT,PRICE,LINK,AREA_IDX) values (1829,'제주 도도리고기국수','제주 제주시 다호북길 109 1층','0507-1407-5153',103,0,'연중무휴','10:00-20:00',1,0,'10000',null,119);
Insert into RESTAURANT (IDX,NAME,ADDRESS,RES_PHONE,CATEGORY,SCORE,HOLIDAY,OP_HOUR,PARK_AREA,VIEW_COUNT,PRICE,LINK,AREA_IDX) values (1830,'연동 돌담흑돼지','제주 제주시 연동7길 35 2층 돌담흑돼지','0507-1389-6090',101,0,'연중무휴','11:30-23:50',2,0,'11000','https://www.instagram.com/doldamblackpork_jeju',119);
Insert into RESTAURANT (IDX,NAME,ADDRESS,RES_PHONE,CATEGORY,SCORE,HOLIDAY,OP_HOUR,PARK_AREA,VIEW_COUNT,PRICE,LINK,AREA_IDX) values (1831,'양대감 노형','제주 제주시 원노형로 36 101호,102호','0507-1427-9593',101,0,'연중무휴','12:00-24:00',2,0,'11000','https://www.instagram.com/yangdaegam_jeju',119);
Insert into RESTAURANT (IDX,NAME,ADDRESS,RES_PHONE,CATEGORY,SCORE,HOLIDAY,OP_HOUR,PARK_AREA,VIEW_COUNT,PRICE,LINK,AREA_IDX) values (1832,'동문시장고기국수 금복식당','제주 제주시 동문로 16','064-757-6055',103,0,'연중무휴','8:00-18:30',2,0,'8000','https://www.instagram.com/jeju_geumbok_1968/?igshid=MzNlNGNkZWQ4Mg%3D%3D',119);
Insert into RESTAURANT (IDX,NAME,ADDRESS,RES_PHONE,CATEGORY,SCORE,HOLIDAY,OP_HOUR,PARK_AREA,VIEW_COUNT,PRICE,LINK,AREA_IDX) values (1833,'제주도 해녀세자매','제주 제주시 한림읍 한림해안로 275 1층 제주도 해녀세자매','0507-1488-0083',109,0,'연중무휴','11:00-20:30',1,0,'55000-170000','https://www.instagram.com/jang_hi/',119);
Insert into RESTAURANT (IDX,NAME,ADDRESS,RES_PHONE,CATEGORY,SCORE,HOLIDAY,OP_HOUR,PARK_AREA,VIEW_COUNT,PRICE,LINK,AREA_IDX) values (1834,'성산일출봉 아시횟집','제주 서귀포시 성산읍 성산등용로 19','0507-1343-3987',102,0,'연중무휴','7:00-23:00',1,0,'65000','https://www.instagram.com/jeju._.asi/',118);
Insert into RESTAURANT (IDX,NAME,ADDRESS,RES_PHONE,CATEGORY,SCORE,HOLIDAY,OP_HOUR,PARK_AREA,VIEW_COUNT,PRICE,LINK,AREA_IDX) values (1835,'랜디스도넛 제주애월점','제주 제주시 애월읍 애월로 27-1','0507-1458-0610',111,0,'연중무휴','10:00-19:00',2,0,'2700',null,119);
Insert into RESTAURANT (IDX,NAME,ADDRESS,RES_PHONE,CATEGORY,SCORE,HOLIDAY,OP_HOUR,PARK_AREA,VIEW_COUNT,PRICE,LINK,AREA_IDX) values (1836,'새빌','제주 제주시 애월읍 평화로 1529','0507-1315-0080',111,0,'연중무휴','9:00-19:00',1,0,'5500','http://www.instagram.com/saebilcafe',119);
Insert into RESTAURANT (IDX,NAME,ADDRESS,RES_PHONE,CATEGORY,SCORE,HOLIDAY,OP_HOUR,PARK_AREA,VIEW_COUNT,PRICE,LINK,AREA_IDX) values (1837,'제주오성 갈치조림','제주 서귀포시 중문관광로 27 제주오성 갈치조림 제주도 중문 본점','0507-1315-3120',102,0,'연중무휴','9:00-21:00',1,0,'50000-200000','https://blog.naver.com/learning2021',118);
Insert into RESTAURANT (IDX,NAME,ADDRESS,RES_PHONE,CATEGORY,SCORE,HOLIDAY,OP_HOUR,PARK_AREA,VIEW_COUNT,PRICE,LINK,AREA_IDX) values (1838,'용두암 엄마 해장국','제주 제주시 용마로 24','0507-1411-5017',109,0,'수요일','7:00-16:00',1,0,'10000',null,119);
Insert into RESTAURANT (IDX,NAME,ADDRESS,RES_PHONE,CATEGORY,SCORE,HOLIDAY,OP_HOUR,PARK_AREA,VIEW_COUNT,PRICE,LINK,AREA_IDX) values (1839,'한림칼국수','제주 제주시 한림읍 한림해안로 139','070-8900-3339',103,0,'일요일','7:00-15:00',1,0,'10000','http://flourfood.co.kr/hallim',119);
Insert into RESTAURANT (IDX,NAME,ADDRESS,RES_PHONE,CATEGORY,SCORE,HOLIDAY,OP_HOUR,PARK_AREA,VIEW_COUNT,PRICE,LINK,AREA_IDX) values (1840,'제주부엌','제주 제주시 원노형로 37 2층 제주부엌','0507-1365-5645',103,0,'연중무휴','10:00-21:00',1,0,'10000','https://www.instagram.com/@noodle_jeju',119);
Insert into RESTAURANT (IDX,NAME,ADDRESS,RES_PHONE,CATEGORY,SCORE,HOLIDAY,OP_HOUR,PARK_AREA,VIEW_COUNT,PRICE,LINK,AREA_IDX) values (1841,'해오반 함덕점','제주 제주시 조천읍 조함해안로 514 2층 해오반 함덕점','064-784-4544',103,0,'연중무휴','9:00-21:00',2,0,'15000-59000',null,119);
Insert into RESTAURANT (IDX,NAME,ADDRESS,RES_PHONE,CATEGORY,SCORE,HOLIDAY,OP_HOUR,PARK_AREA,VIEW_COUNT,PRICE,LINK,AREA_IDX) values (1842,'우무','제주 제주시 한림읍 한림로 542-1','0507-1327-0064',111,0,'연중무휴','9:00-20:00',1,0,'6800','https://www.instagram.com/jeju.umu',119);
Insert into RESTAURANT (IDX,NAME,ADDRESS,RES_PHONE,CATEGORY,SCORE,HOLIDAY,OP_HOUR,PARK_AREA,VIEW_COUNT,PRICE,LINK,AREA_IDX) values (1843,'해송수산물회센타','제주 제주시 애월읍 애월로11길 23-1','0507-1376-1662',102,0,'1,3번째 수요일','11:00-22:30',1,0,'48000',null,119);
Insert into RESTAURANT (IDX,NAME,ADDRESS,RES_PHONE,CATEGORY,SCORE,HOLIDAY,OP_HOUR,PARK_AREA,VIEW_COUNT,PRICE,LINK,AREA_IDX) values (1844,'까망돼지 중문점','제주 서귀포시 색달중앙로 21 여미지하우스1층 까망돼지본점','0507-1316-6543',101,0,'연중무휴','11:00-23:00',1,0,'66000','http://gmrehowl6543.modoo.at/',118);
Insert into RESTAURANT (IDX,NAME,ADDRESS,RES_PHONE,CATEGORY,SCORE,HOLIDAY,OP_HOUR,PARK_AREA,VIEW_COUNT,PRICE,LINK,AREA_IDX) values (1845,'노을리','제주 제주시 애월읍 애월해안로 654 가동 1층','0507-1491-5032',111,0,'연중무휴','9:00-21:00',1,0,'6900','https://blog.naver.com/jejuuni33',119);
Insert into RESTAURANT (IDX,NAME,ADDRESS,RES_PHONE,CATEGORY,SCORE,HOLIDAY,OP_HOUR,PARK_AREA,VIEW_COUNT,PRICE,LINK,AREA_IDX) values (1846,'고집돌우럭 제주공항점','제주 제주시 임항로 30','0507-1436-1008',103,0,'연중무휴','10:00-21:30',1,0,'24000-33000','https://blog.naver.com/gozipjeju_',119);
Insert into RESTAURANT (IDX,NAME,ADDRESS,RES_PHONE,CATEGORY,SCORE,HOLIDAY,OP_HOUR,PARK_AREA,VIEW_COUNT,PRICE,LINK,AREA_IDX) values (1847,'숙성도 중문점','제주 서귀포시 일주서로 966','064-739-5213',101,0,'연중무휴','12:00-22:00',2,0,'22000','http://app.catchtable.co.kr/ct/shop/suksungdo_jm',118);
Insert into RESTAURANT (IDX,NAME,ADDRESS,RES_PHONE,CATEGORY,SCORE,HOLIDAY,OP_HOUR,PARK_AREA,VIEW_COUNT,PRICE,LINK,AREA_IDX) values (1848,'더클리프','제주 서귀포시 중문관광로 154-17','0507-1312-8866',111,0,'연중무휴','10:00-22:00',1,0,'22000','http://www.instagram.com/thecliffjeju',118);
Insert into RESTAURANT (IDX,NAME,ADDRESS,RES_PHONE,CATEGORY,SCORE,HOLIDAY,OP_HOUR,PARK_AREA,VIEW_COUNT,PRICE,LINK,AREA_IDX) values (1849,'바다어멍 서귀포올레시장본점','제주 서귀포시 명동로 45 바다어멍','0507-1369-4542',102,0,'연중무휴','7:00-22:00',1,0,'45000-220000','https://seemama.modoo.at/',118);
Insert into RESTAURANT (IDX,NAME,ADDRESS,RES_PHONE,CATEGORY,SCORE,HOLIDAY,OP_HOUR,PARK_AREA,VIEW_COUNT,PRICE,LINK,AREA_IDX) values (1850,'가람돌솥밥','제주 서귀포시 중문관광로 332 가람돌솥밥','0507-1432-1200',103,0,'연중무휴','8:00-21:00',1,0,'18000',null,118);
Insert into RESTAURANT (IDX,NAME,ADDRESS,RES_PHONE,CATEGORY,SCORE,HOLIDAY,OP_HOUR,PARK_AREA,VIEW_COUNT,PRICE,LINK,AREA_IDX) values (1851,'고은물식당','제주 서귀포시 안덕면 화순해안로 110 고은물식당','0507-1428-5656',103,0,'수요일','8:00-22:00',1,0,'10000-55000','http://naver.me/5jAn8Ixm',118);
Insert into RESTAURANT (IDX,NAME,ADDRESS,RES_PHONE,CATEGORY,SCORE,HOLIDAY,OP_HOUR,PARK_AREA,VIEW_COUNT,PRICE,LINK,AREA_IDX) values (1852,'부두식당','제주 서귀포시 대정읍 하모항구로 62 부두식당','064-794-1223',103,0,'연중무휴','10:00-21:30',1,0,'55000','https://www.instagram.com/jeju_boodoo',118);
Insert into RESTAURANT (IDX,NAME,ADDRESS,RES_PHONE,CATEGORY,SCORE,HOLIDAY,OP_HOUR,PARK_AREA,VIEW_COUNT,PRICE,LINK,AREA_IDX) values (1853,'함덕 연옥','제주 제주시 조천읍 조함해안로 528 2층 연옥','010-7151-1527',103,0,'연중무휴','8:00-20:20',1,0,'15000','https://catchtable.co.kr/yeonok',119);
Insert into RESTAURANT (IDX,NAME,ADDRESS,RES_PHONE,CATEGORY,SCORE,HOLIDAY,OP_HOUR,PARK_AREA,VIEW_COUNT,PRICE,LINK,AREA_IDX) values (1854,'수선화식당','제주 제주시 한림읍 협재1길 24 (협재리)','070-8864-5564',106,0,'연중무휴','11:00-20:00',2,0,'19000',null,119);
Insert into RESTAURANT (IDX,NAME,ADDRESS,RES_PHONE,CATEGORY,SCORE,HOLIDAY,OP_HOUR,PARK_AREA,VIEW_COUNT,PRICE,LINK,AREA_IDX) values (1855,'제주미향 중문본점','제주 서귀포시 천제연로 99 제주미향 중문본점','064-738-8588',102,0,'연중무휴','9:30-21:30',1,0,'45000','http://jejumihyang.com',118);
Insert into RESTAURANT (IDX,NAME,ADDRESS,RES_PHONE,CATEGORY,SCORE,HOLIDAY,OP_HOUR,PARK_AREA,VIEW_COUNT,PRICE,LINK,AREA_IDX) values (1856,'오는정김밥','제주 서귀포시 동문동로 2','064-762-8927',104,0,'일요일','10:00-20:00',2,0,'3500',null,118);
Insert into RESTAURANT (IDX,NAME,ADDRESS,RES_PHONE,CATEGORY,SCORE,HOLIDAY,OP_HOUR,PARK_AREA,VIEW_COUNT,PRICE,LINK,AREA_IDX) values (1857,'리보스코 화덕112','제주 제주시 수목원길 27 리보스코화덕112 연동점','0507-1448-0906',112,0,'수요일','11:00-21:00',1,0,'27000','https://blog.naver.com/bosco1315',119);
Insert into RESTAURANT (IDX,NAME,ADDRESS,RES_PHONE,CATEGORY,SCORE,HOLIDAY,OP_HOUR,PARK_AREA,VIEW_COUNT,PRICE,LINK,AREA_IDX) values (1858,'안녕협재씨 제주협재점','제주 제주시 한림읍 금능길 12 1층','0507-1347-0624',103,0,'연중무휴','9:00-16:10',1,0,'17000','https://www.instagram.com/hihyeopjae',119);
Insert into RESTAURANT (IDX,NAME,ADDRESS,RES_PHONE,CATEGORY,SCORE,HOLIDAY,OP_HOUR,PARK_AREA,VIEW_COUNT,PRICE,LINK,AREA_IDX) values (1859,'흑돼지해물삼합','제주 서귀포시 태평로482번길 50','0507-1469-3833',101,0,'연중무휴','12:00-22:00',1,0,'18000','https://www.instagram.com/blackpighi',118);
Insert into RESTAURANT (IDX,NAME,ADDRESS,RES_PHONE,CATEGORY,SCORE,HOLIDAY,OP_HOUR,PARK_AREA,VIEW_COUNT,PRICE,LINK,AREA_IDX) values (1860,'함덕흑돼지우돈향 함덕점','제주 제주시 조천읍 조함해안로 530 2층 우돈향','064-782-6969',101,0,'연중무휴','12:00-23:00',1,0,'68000-98000',null,119);
Insert into RESTAURANT (IDX,NAME,ADDRESS,RES_PHONE,CATEGORY,SCORE,HOLIDAY,OP_HOUR,PARK_AREA,VIEW_COUNT,PRICE,LINK,AREA_IDX) values (1861,'은희네 해장국','제주 제주시 고마로13길 8','064-726-5622',109,0,'목요일','6:00-15:00',1,0,'8000',null,119);
Insert into RESTAURANT (IDX,NAME,ADDRESS,RES_PHONE,CATEGORY,SCORE,HOLIDAY,OP_HOUR,PARK_AREA,VIEW_COUNT,PRICE,LINK,AREA_IDX) values (1862,'돈이랑 본점','제주 서귀포시 일주서로 953','0507-1415-9277',101,0,'연중무휴','11:30-24:00',1,0,'10800',null,118);
Insert into RESTAURANT (IDX,NAME,ADDRESS,RES_PHONE,CATEGORY,SCORE,HOLIDAY,OP_HOUR,PARK_AREA,VIEW_COUNT,PRICE,LINK,AREA_IDX) values (1863,'롱플레이','제주 제주시 구좌읍 동복로 44','070-4489-4004',111,0,'연중무휴','9:00-17:00',1,0,'10000','https://smartstore.naver.com/longplay',119);
Insert into RESTAURANT (IDX,NAME,ADDRESS,RES_PHONE,CATEGORY,SCORE,HOLIDAY,OP_HOUR,PARK_AREA,VIEW_COUNT,PRICE,LINK,AREA_IDX) values (1864,'우동카덴','제주 제주시 조천읍 교래3길 23','0507-1346-6263',102,0,'화,수요일','10:00-19:00',1,0,'9500-34000',null,119);
Insert into RESTAURANT (IDX,NAME,ADDRESS,RES_PHONE,CATEGORY,SCORE,HOLIDAY,OP_HOUR,PARK_AREA,VIEW_COUNT,PRICE,LINK,AREA_IDX) values (1865,'미향해장국 성산점','제주 서귀포시 성산읍 일출로 9 1층','064-784-9994',109,0,'화요일','6:30-20:00',1,0,'10000',null,118);
Insert into RESTAURANT (IDX,NAME,ADDRESS,RES_PHONE,CATEGORY,SCORE,HOLIDAY,OP_HOUR,PARK_AREA,VIEW_COUNT,PRICE,LINK,AREA_IDX) values (1866,'원담','제주 제주시 동광로1길 13 1층','0507-1351-0211',102,0,'화요일','16:00-24:00',1,0,'60000',null,119);
Insert into RESTAURANT (IDX,NAME,ADDRESS,RES_PHONE,CATEGORY,SCORE,HOLIDAY,OP_HOUR,PARK_AREA,VIEW_COUNT,PRICE,LINK,AREA_IDX) values (1867,'제주돔베','제주 제주시 연북로 840','0507-1439-3303',103,0,'화요일','10:00-16:00',1,0,'28000','https://www.instagram.com/jeju_dombe',119);
Insert into RESTAURANT (IDX,NAME,ADDRESS,RES_PHONE,CATEGORY,SCORE,HOLIDAY,OP_HOUR,PARK_AREA,VIEW_COUNT,PRICE,LINK,AREA_IDX) values (1868,'장인의집 본점','제주 제주시 애월읍 애월로19길 31 장인의집 애월 본점','0507-1313-1610',103,0,'연중무휴','9:00-22:00',1,0,'38000','https://blog.naver.com/dlscjf1019',119);
Insert into RESTAURANT (IDX,NAME,ADDRESS,RES_PHONE,CATEGORY,SCORE,HOLIDAY,OP_HOUR,PARK_AREA,VIEW_COUNT,PRICE,LINK,AREA_IDX) values (1869,'해녀김밥 본점','제주 제주시 조천읍 함덕로 40 3층, 302호','0507-1342-3005',104,0,'일요일','9:00-17:00',1,0,'9500','http://www.instagram.com/haenyeogimbap',119);
Insert into RESTAURANT (IDX,NAME,ADDRESS,RES_PHONE,CATEGORY,SCORE,HOLIDAY,OP_HOUR,PARK_AREA,VIEW_COUNT,PRICE,LINK,AREA_IDX) values (1870,'바다를본돼지 서귀포올레시장점','제주 서귀포시 칠십리로 123 2층','0507-1413-1058',101,0,'연중무휴','12:00-22:00',1,0,'18000-60000','https://blog.naver.com/ljh6992936',118);
Insert into RESTAURANT (IDX,NAME,ADDRESS,RES_PHONE,CATEGORY,SCORE,HOLIDAY,OP_HOUR,PARK_AREA,VIEW_COUNT,PRICE,LINK,AREA_IDX) values (1871,'담다 제주협재점','제주 제주시 한림읍 협재4길 8 1층','0507-1356-0054',103,0,'일요일','9:00-15:30',1,0,'11000','https://blog.naver.com/hite9787',119);
Insert into RESTAURANT (IDX,NAME,ADDRESS,RES_PHONE,CATEGORY,SCORE,HOLIDAY,OP_HOUR,PARK_AREA,VIEW_COUNT,PRICE,LINK,AREA_IDX) values (1872,'제주 김만복김밥 본점','제주 제주시 오라로 41','064-759-8582',104,0,'연중무휴','8:00-22:00',1,0,'8500','http://kimmanbok.com/sub/caution.htm',119);
Insert into RESTAURANT (IDX,NAME,ADDRESS,RES_PHONE,CATEGORY,SCORE,HOLIDAY,OP_HOUR,PARK_AREA,VIEW_COUNT,PRICE,LINK,AREA_IDX) values (1873,'아줄레주','제주 서귀포시 성산읍 신풍하동로19번길 59 _____마을진입시 차량 서행부탁드립니다','0507-1411-4052',111,0,'화요일','11:00-19:00',1,0,'6000',null,118);
Insert into RESTAURANT (IDX,NAME,ADDRESS,RES_PHONE,CATEGORY,SCORE,HOLIDAY,OP_HOUR,PARK_AREA,VIEW_COUNT,PRICE,LINK,AREA_IDX) values (1874,'협재수우동 협재점','제주 제주시 한림읍 협재1길 11','064-796-5830',102,0,'연중무휴','10:30-17:00',1,0,'10000',null,119);
Insert into RESTAURANT (IDX,NAME,ADDRESS,RES_PHONE,CATEGORY,SCORE,HOLIDAY,OP_HOUR,PARK_AREA,VIEW_COUNT,PRICE,LINK,AREA_IDX) values (1875,'흑돈쭐 제주성산일출봉점','제주 서귀포시 성산읍 성산중앙로 72','010-4657-0525',101,0,'연중무휴','11:00-23:00',1,0,'60000',null,118);
Insert into RESTAURANT (IDX,NAME,ADDRESS,RES_PHONE,CATEGORY,SCORE,HOLIDAY,OP_HOUR,PARK_AREA,VIEW_COUNT,PRICE,LINK,AREA_IDX) values (1876,'오드랑베이커리','제주 제주시 조천읍 조함해안로 552-3','064-784-5404',111,0,'연중무휴','7:00-22:00',1,0,'4500',null,119);
Insert into RESTAURANT (IDX,NAME,ADDRESS,RES_PHONE,CATEGORY,SCORE,HOLIDAY,OP_HOUR,PARK_AREA,VIEW_COUNT,PRICE,LINK,AREA_IDX) values (1877,'델문도 비치웨이브','제주 제주시 조천읍 조함해안로 519-10','064-702-0007',111,0,'연중무휴','7:00-24:00',1,0,'7000','http://www.delmoondo.com/',119);
Insert into RESTAURANT (IDX,NAME,ADDRESS,RES_PHONE,CATEGORY,SCORE,HOLIDAY,OP_HOUR,PARK_AREA,VIEW_COUNT,PRICE,LINK,AREA_IDX) values (1878,'중문수두리보말칼국수','제주 서귀포시 천제연로 192 1층','064-739-1070',103,0,'화요일','8:00-16:30',2,0,'11000','http://instagram.com/suduribomal_noodle',118);
Insert into RESTAURANT (IDX,NAME,ADDRESS,RES_PHONE,CATEGORY,SCORE,HOLIDAY,OP_HOUR,PARK_AREA,VIEW_COUNT,PRICE,LINK,AREA_IDX) values (1879,'돌밭 애월고내 본점','제주 제주시 애월읍 애월해안로 249 1F 돝밭','0507-1375-1255',101,0,'연중무휴','11:30-22:00',1,0,'38000','https://www.instagram.com/dottbat',119);
Insert into RESTAURANT (IDX,NAME,ADDRESS,RES_PHONE,CATEGORY,SCORE,HOLIDAY,OP_HOUR,PARK_AREA,VIEW_COUNT,PRICE,LINK,AREA_IDX) values (1880,'가시아방국수','제주 서귀포시 성산읍 섭지코지로 10','064-783-0987',103,0,'연중무휴','10:00-20:30',1,0,'35000',null,118);
Insert into RESTAURANT (IDX,NAME,ADDRESS,RES_PHONE,CATEGORY,SCORE,HOLIDAY,OP_HOUR,PARK_AREA,VIEW_COUNT,PRICE,LINK,AREA_IDX) values (1881,'계절식탁 함덕점','제주 제주시 조천읍 조함해안로 510 2층','0507-1432-6577',103,0,'연중무휴','11:30-22:00',1,0,'68000',null,119);
Insert into RESTAURANT (IDX,NAME,ADDRESS,RES_PHONE,CATEGORY,SCORE,HOLIDAY,OP_HOUR,PARK_AREA,VIEW_COUNT,PRICE,LINK,AREA_IDX) values (1882,'우도해녀식당','제주 제주시 우도면 우도해안길 440 우도해녀식당','010-9090-3509',102,0,'연중무휴','8:30-17:00',1,0,'17000','http://woododining.modoo.at/',119);
Insert into RESTAURANT (IDX,NAME,ADDRESS,RES_PHONE,CATEGORY,SCORE,HOLIDAY,OP_HOUR,PARK_AREA,VIEW_COUNT,PRICE,LINK,AREA_IDX) values (1883,'충남식당','제주 서귀포시 솔동산로 26','0507-1470-7034',103,0,'일요일','9:00-21:00',1,0,'10000-60000',null,118);
Insert into RESTAURANT (IDX,NAME,ADDRESS,RES_PHONE,CATEGORY,SCORE,HOLIDAY,OP_HOUR,PARK_AREA,VIEW_COUNT,PRICE,LINK,AREA_IDX) values (1884,'제주로운청해원 성산일출봉점','제주 서귀포시 성산읍 신양로 101 1층 제주로운 청해원','0507-1342-7026',102,0,'연중무휴','8:00-21:00',1,0,'24000','http://www.instagram.com/cheong_haewon',118);
Insert into RESTAURANT (IDX,NAME,ADDRESS,RES_PHONE,CATEGORY,SCORE,HOLIDAY,OP_HOUR,PARK_AREA,VIEW_COUNT,PRICE,LINK,AREA_IDX) values (1885,'바다속고등어쌈밥 제주애월본점','제주 제주시 애월읍 일주서로 7089 1층','0507-1479-6466',103,0,'연중무휴','8:00-21:00',1,0,'34000','https://www.instagram.com/jeju__bada',119);
Insert into RESTAURANT (IDX,NAME,ADDRESS,RES_PHONE,CATEGORY,SCORE,HOLIDAY,OP_HOUR,PARK_AREA,VIEW_COUNT,PRICE,LINK,AREA_IDX) values (1886,'거멍국수 제주산방산점','제주 서귀포시 안덕면 사계로114번길 53-14','0507-1403-8787',103,0,'화요일','8:30-19:00',1,0,'12000','http://www.instagram.com/gmnoodles',118);
Insert into RESTAURANT (IDX,NAME,ADDRESS,RES_PHONE,CATEGORY,SCORE,HOLIDAY,OP_HOUR,PARK_AREA,VIEW_COUNT,PRICE,LINK,AREA_IDX) values (1887,'바다를본돼지 제주공항점','제주 제주시 정존15길 42 1층 바다를본돼지 제주공항점','0507-1409-9242',101,0,'연중무휴','12:00-22:00',1,0,'8000-60000','https://badabon.modoo.at',119);
Insert into RESTAURANT (IDX,NAME,ADDRESS,RES_PHONE,CATEGORY,SCORE,HOLIDAY,OP_HOUR,PARK_AREA,VIEW_COUNT,PRICE,LINK,AREA_IDX) values (1888,'모루쿠다 서귀포올레시장점','제주 서귀포시 태평로431번길 32 1층 모루쿠다 서귀포올레시장점','0507-1364-1477',102,0,'연중무휴','11:20-23:00',1,0,'16000-47000','https://www.instagram.com/jejusujeyori/',118);
Insert into RESTAURANT (IDX,NAME,ADDRESS,RES_PHONE,CATEGORY,SCORE,HOLIDAY,OP_HOUR,PARK_AREA,VIEW_COUNT,PRICE,LINK,AREA_IDX) values (1889,'삼미횟집 제주공항점','제주 제주시 도두항서5길 1','0507-1469-6403',102,0,'연중무휴','11:00-22:30',1,0,'100000-250000','https://www.instagram.com/jeju_sammi',119);
Insert into RESTAURANT (IDX,NAME,ADDRESS,RES_PHONE,CATEGORY,SCORE,HOLIDAY,OP_HOUR,PARK_AREA,VIEW_COUNT,PRICE,LINK,AREA_IDX) values (1890,'둘레길 서귀포중문본점','제주 서귀포시 천제연로 209-1 2층 둘레길','0507-1379-3255',106,0,'연중무휴','10:00-21:30',1,0,'12900','http://jejudullegil.modoo.at',118);
Insert into RESTAURANT (IDX,NAME,ADDRESS,RES_PHONE,CATEGORY,SCORE,HOLIDAY,OP_HOUR,PARK_AREA,VIEW_COUNT,PRICE,LINK,AREA_IDX) values (1891,'대기정','제주 서귀포시 이어도로 41','0507-1403-1041',109,0,'연중무휴','10:30-20:30',1,0,'33000',null,118);
Insert into RESTAURANT (IDX,NAME,ADDRESS,RES_PHONE,CATEGORY,SCORE,HOLIDAY,OP_HOUR,PARK_AREA,VIEW_COUNT,PRICE,LINK,AREA_IDX) values (1892,'착한집','제주 제주시 서광로 98','064-713-7136',103,0,'수요일','11:00-21:00',1,0,'69000-210000','https://jejugoodfish.modoo.at',119);
Insert into RESTAURANT (IDX,NAME,ADDRESS,RES_PHONE,CATEGORY,SCORE,HOLIDAY,OP_HOUR,PARK_AREA,VIEW_COUNT,PRICE,LINK,AREA_IDX) values (1893,'곱들락 함덕흑돼지','제주 제주시 함덕리 951-1','064-783-0992',101,0,'연중무휴','12:00-22:00',1,0,'36000','https://blog.naver.com/gobdeulrak_',119);
Insert into RESTAURANT (IDX,NAME,ADDRESS,RES_PHONE,CATEGORY,SCORE,HOLIDAY,OP_HOUR,PARK_AREA,VIEW_COUNT,PRICE,LINK,AREA_IDX) values (1894,'애월항포구횟집','제주 제주시 애월읍 애월로11길 22 2층 애월항포구횟집','0507-1332-4741',102,0,'연중무휴','11:00-22:00',1,0,'28000',null,119);
Insert into RESTAURANT (IDX,NAME,ADDRESS,RES_PHONE,CATEGORY,SCORE,HOLIDAY,OP_HOUR,PARK_AREA,VIEW_COUNT,PRICE,LINK,AREA_IDX) values (1895,'함덕고등어쌈밥','제주 제주시 조천읍 조함해안로 530 3층','0507-1324-2736',109,0,'연중무휴','9:00-21:00',1,0,'36000',null,119);
Insert into RESTAURANT (IDX,NAME,ADDRESS,RES_PHONE,CATEGORY,SCORE,HOLIDAY,OP_HOUR,PARK_AREA,VIEW_COUNT,PRICE,LINK,AREA_IDX) values (1896,'맛나식당','제주 서귀포시 성산읍 동류암로 41','064-782-4771',109,0,'수,일','8:30-14:00',2,0,'11000',null,118);
Insert into RESTAURANT (IDX,NAME,ADDRESS,RES_PHONE,CATEGORY,SCORE,HOLIDAY,OP_HOUR,PARK_AREA,VIEW_COUNT,PRICE,LINK,AREA_IDX) values (1897,'해녀잠수촌','제주 제주시 서해안로 498 1층 해녀잠수촌','0507-1398-0733',103,0,'연중무휴','8:00-15:30',1,0,'15000','http://www.instagram.com/jamsuchon',119);
Insert into RESTAURANT (IDX,NAME,ADDRESS,RES_PHONE,CATEGORY,SCORE,HOLIDAY,OP_HOUR,PARK_AREA,VIEW_COUNT,PRICE,LINK,AREA_IDX) values (1898,'뽈살집 본점','제주 서귀포시 중정로91번길 41 1층','064-763-6860',101,0,'연중무휴','15:00-24:00',1,0,'-54000',null,118);
REM INSERTING into REVIEW
SET DEFINE OFF;
--------------------------------------------------------
--  DDL for Index ACC_EMAIL_UK
--------------------------------------------------------

  CREATE UNIQUE INDEX "ACC_EMAIL_UK" ON "ACCOUNT" ("EMAIL") 
  ;
--------------------------------------------------------
--  DDL for Index ACC_IDX_PK
--------------------------------------------------------

  CREATE UNIQUE INDEX "ACC_IDX_PK" ON "ACCOUNT" ("IDX") 
  ;
--------------------------------------------------------
--  DDL for Index ACC_NICK_UK
--------------------------------------------------------

  CREATE UNIQUE INDEX "ACC_NICK_UK" ON "ACCOUNT" ("NICK") 
  ;
--------------------------------------------------------
--  DDL for Index ACC_PHONE_UK
--------------------------------------------------------

  CREATE UNIQUE INDEX "ACC_PHONE_UK" ON "ACCOUNT" ("PHONE") 
  ;
--------------------------------------------------------
--  DDL for Index ACC_USERID_UK
--------------------------------------------------------

  CREATE UNIQUE INDEX "ACC_USERID_UK" ON "ACCOUNT" ("USERID") 
  ;
--------------------------------------------------------
--  DDL for Index AREA_IDX_PK
--------------------------------------------------------

  CREATE UNIQUE INDEX "AREA_IDX_PK" ON "AREA" ("IDX") 
  ;
--------------------------------------------------------
--  DDL for Index BOOKMARK_IDX_PK
--------------------------------------------------------

  CREATE UNIQUE INDEX "BOOKMARK_IDX_PK" ON "BOOKMARK" ("IDX") 
  ;
--------------------------------------------------------
--  DDL for Index CATEGORY_IDX_PK
--------------------------------------------------------

  CREATE UNIQUE INDEX "CATEGORY_IDX_PK" ON "CATEGORY" ("IDX") 
  ;
--------------------------------------------------------
--  DDL for Index IMG_IDX_PK
--------------------------------------------------------

  CREATE UNIQUE INDEX "IMG_IDX_PK" ON "IMG" ("IDX") 
  ;
--------------------------------------------------------
--  DDL for Index RES_IDX_PK
--------------------------------------------------------

  CREATE UNIQUE INDEX "RES_IDX_PK" ON "RESTAURANT" ("IDX") 
  ;
--------------------------------------------------------
--  DDL for Index REVIEW_IDX_PK
--------------------------------------------------------

  CREATE UNIQUE INDEX "REVIEW_IDX_PK" ON "REVIEW" ("IDX") 
  ;
--------------------------------------------------------
--  Constraints for Table ACCOUNT
--------------------------------------------------------

  ALTER TABLE "ACCOUNT" MODIFY ("USERID" NOT NULL ENABLE);
  ALTER TABLE "ACCOUNT" MODIFY ("USERPW" NOT NULL ENABLE);
  ALTER TABLE "ACCOUNT" MODIFY ("NICK" NOT NULL ENABLE);
  ALTER TABLE "ACCOUNT" MODIFY ("EMAIL" NOT NULL ENABLE);
  ALTER TABLE "ACCOUNT" MODIFY ("STATUS" NOT NULL ENABLE);
  ALTER TABLE "ACCOUNT" MODIFY ("BIRTH" NOT NULL ENABLE);
  ALTER TABLE "ACCOUNT" MODIFY ("PHONE" NOT NULL ENABLE);
  ALTER TABLE "ACCOUNT" MODIFY ("FOREIGNER" NOT NULL ENABLE);
  ALTER TABLE "ACCOUNT" MODIFY ("GENDER" NOT NULL ENABLE);
  ALTER TABLE "ACCOUNT" ADD CONSTRAINT "ACC_STATUS_CK" CHECK (status in ('관리자', '게스트')) ENABLE;
  ALTER TABLE "ACCOUNT" ADD CONSTRAINT "ACC_FORE_CK" CHECK (foreigner in ('내국인', '외국인')) ENABLE;
  ALTER TABLE "ACCOUNT" ADD CONSTRAINT "ACC_GENDER_CK" CHECK (gender in ('남', '여')) ENABLE;
  ALTER TABLE "ACCOUNT" ADD CONSTRAINT "ACC_IDX_PK" PRIMARY KEY ("IDX")
  USING INDEX  ENABLE;
  ALTER TABLE "ACCOUNT" ADD CONSTRAINT "ACC_USERID_UK" UNIQUE ("USERID")
  USING INDEX  ENABLE;
  ALTER TABLE "ACCOUNT" ADD CONSTRAINT "ACC_NICK_UK" UNIQUE ("NICK")
  USING INDEX  ENABLE;
  ALTER TABLE "ACCOUNT" ADD CONSTRAINT "ACC_EMAIL_UK" UNIQUE ("EMAIL")
  USING INDEX  ENABLE;
  ALTER TABLE "ACCOUNT" ADD CONSTRAINT "ACC_PHONE_UK" UNIQUE ("PHONE")
  USING INDEX  ENABLE;
--------------------------------------------------------
--  Constraints for Table NOTICE
--------------------------------------------------------

  ALTER TABLE "NOTICE" MODIFY ("TITLE" NOT NULL ENABLE);
--------------------------------------------------------
--  Constraints for Table AREA
--------------------------------------------------------

  ALTER TABLE "AREA" MODIFY ("NAME" NOT NULL ENABLE);
  ALTER TABLE "AREA" ADD CONSTRAINT "AREA_IDX_PK" PRIMARY KEY ("IDX")
  USING INDEX  ENABLE;
--------------------------------------------------------
--  Constraints for Table REVIEW
--------------------------------------------------------

  ALTER TABLE "REVIEW" ADD CONSTRAINT "REVIEW_IDX_PK" PRIMARY KEY ("IDX")
  USING INDEX  ENABLE;
  ALTER TABLE "REVIEW" MODIFY ("WRITER" NOT NULL ENABLE);
  ALTER TABLE "REVIEW" ADD CONSTRAINT "REVIEW_GOOD_CK" CHECK (good in (1,2)) ENABLE;
--------------------------------------------------------
--  Constraints for Table BOOKMARK
--------------------------------------------------------

  ALTER TABLE "BOOKMARK" MODIFY ("ACC_IDX" NOT NULL ENABLE);
  ALTER TABLE "BOOKMARK" MODIFY ("RES_IDX" NOT NULL ENABLE);
  ALTER TABLE "BOOKMARK" ADD CONSTRAINT "BOOKMARK_IDX_PK" PRIMARY KEY ("IDX")
  USING INDEX  ENABLE;
--------------------------------------------------------
--  Constraints for Table IMG
--------------------------------------------------------

  ALTER TABLE "IMG" MODIFY ("RES_IDX" NOT NULL ENABLE);
  ALTER TABLE "IMG" ADD CONSTRAINT "IMG_IDX_PK" PRIMARY KEY ("IDX")
  USING INDEX  ENABLE;
--------------------------------------------------------
--  Constraints for Table CATEGORY
--------------------------------------------------------

  ALTER TABLE "CATEGORY" MODIFY ("NAME" NOT NULL ENABLE);
  ALTER TABLE "CATEGORY" ADD CONSTRAINT "CATEGORY_IDX_PK" PRIMARY KEY ("IDX")
  USING INDEX  ENABLE;
--------------------------------------------------------
--  Constraints for Table RESTAURANT
--------------------------------------------------------

  ALTER TABLE "RESTAURANT" MODIFY ("NAME" NOT NULL ENABLE);
  ALTER TABLE "RESTAURANT" MODIFY ("ADDRESS" NOT NULL ENABLE);
  ALTER TABLE "RESTAURANT" MODIFY ("CATEGORY" NOT NULL ENABLE);
  ALTER TABLE "RESTAURANT" MODIFY ("OP_HOUR" NOT NULL ENABLE);
  ALTER TABLE "RESTAURANT" ADD CONSTRAINT "RES_PARK_CK" CHECK (park_area >=1 and  park_area <=2) ENABLE;
  ALTER TABLE "RESTAURANT" ADD CONSTRAINT "RES_IDX_PK" PRIMARY KEY ("IDX")
  USING INDEX  ENABLE;
--------------------------------------------------------
--  Ref Constraints for Table BOOKMARK
--------------------------------------------------------

  ALTER TABLE "BOOKMARK" ADD CONSTRAINT "BOOKMARK_ACC_IDX_FK" FOREIGN KEY ("ACC_IDX")
	  REFERENCES "ACCOUNT" ("IDX") ENABLE;
  ALTER TABLE "BOOKMARK" ADD CONSTRAINT "BOOKMARK_RES_IDX_FK" FOREIGN KEY ("RES_IDX")
	  REFERENCES "RESTAURANT" ("IDX") ENABLE;
--------------------------------------------------------
--  Ref Constraints for Table RESTAURANT
--------------------------------------------------------

  ALTER TABLE "RESTAURANT" ADD CONSTRAINT "RES_AREA_IDX_FK" FOREIGN KEY ("AREA_IDX")
	  REFERENCES "AREA" ("IDX") ENABLE;
  ALTER TABLE "RESTAURANT" ADD CONSTRAINT "CATEGORY_FK" FOREIGN KEY ("CATEGORY")
	  REFERENCES "CATEGORY" ("IDX") ENABLE;
--------------------------------------------------------
--  Ref Constraints for Table REVIEW
--------------------------------------------------------

  ALTER TABLE "REVIEW" ADD CONSTRAINT "REVIEW_ACC_IDX_FK" FOREIGN KEY ("WRITER")
	  REFERENCES "ACCOUNT" ("NICK") ENABLE;
  ALTER TABLE "REVIEW" ADD CONSTRAINT "REVIEW_RES_IDX_FK" FOREIGN KEY ("RES_IDX")
	  REFERENCES "RESTAURANT" ("IDX") ENABLE;
